policy_id,artifact_area,required_policy,fail_closed_condition,forbidden_storage
no_raw_account_ids,identity,do_not_persist_raw_account_identifiers,raw_account_id_detected,raw_account_id
opaque_client_order_ref,identity,hash_or_opaque_client_order_reference_before_write,raw_client_order_id_detected,raw_client_order_id
opaque_exchange_order_ref,identity,hash_or_opaque_exchange_order_reference_before_write,raw_exchange_order_id_detected,raw_exchange_order_id
no_secrets,credential_material,do_not_read_or_persist_api_keys_secrets_or_tokens,secret_like_field_detected,api_key_secret_token_signature
no_nonce_payloads,request_material,do_not_persist_nonce_or_signed_payload_material,nonce_or_signed_payload_detected,nonce_signature_signed_payload
local_artifact_only,storage,write_only_task_scoped_local_csv_json_artifacts,remote_write_or_live_state_write_detected,remote_private_data_or_live_bot_state
timestamp_separation,timing,preserve_exchange_receive_generated_validation_times_as_separate_fields,merged_or_missing_timestamp_domain,merged_timestamp_domain
provenance_required,provenance,record_task_schema_venue_instrument_run_and_validation_gate,missing_provenance_field,anonymous_unversioned_artifact
fail_closed_reason_required,validation,record_fail_closed_reason_for_rejected_or_unsupported_rows,missing_fail_closed_reason_on_failed_row,silent_drop_or_implicit_success
