raw_seq,line_no,channel,coin,local_ts,event_ts,message_kind,session_id,connection_attempt,parse_error,generated_event_count,final_row_count,final_row_indices
0,1,l2Book,BTC,1737918843893903000,1737918843542000000,l2Book_snapshot,,,,40,40,30|31|32|33|34|35|36|37|38|39|40|41|42|43|44|45|46|47|48|49|50|51|52|53|54|55|56|57|58|59|60|61|62|63|64|65|66|67|68|69
1,2,l2Book,BTC,1737918843907660000,1737918843542000000,l2Book_snapshot,,,,0,0,
2,3,trades,BTC,1737918844167767000,1737918794873000000,trade_batch,,,,30,60,0|1|2|3|4|5|6|7|8|9|10|11|12|13|14|15|16|17|18|19|20|21|22|23|24|25|26|27|28|29|70|71|72|73|74|75|76|77|78|79|80|81|82|83|84|85|86|87|88|89|90|91|92|93|94|95|96|97|98|99
3,4,l2Book,BTC,1737918844508675000,1737918844035000000,l2Book_snapshot,,,,3,3,100|101|102
4,5,l2Book,BTC,1737918845045647000,1737918844579000000,l2Book_snapshot,,,,2,2,103|104
5,6,l2Book,BTC,1737918845532675000,1737918845118000000,l2Book_snapshot,,,,2,2,105|106
6,7,l2Book,BTC,1737918846031217000,1737918845645000000,l2Book_snapshot,,,,6,6,107|108|109|110|111|112
7,8,l2Book,BTC,1737918846845870000,1737918846191000000,l2Book_snapshot,,,,5,5,113|114|115|116|117
8,9,l2Book,BTC,1737918847247253000,1737918846798000000,l2Book_snapshot,,,,3,3,118|119|120
9,10,trades,BTC,1737918847319919000,1737918847000000000,trade_batch,,,,1,1,121
10,11,l2Book,BTC,1737918847814799000,1737918847412000000,l2Book_snapshot,,,,4,4,122|123|124|125
11,12,l2Book,BTC,1737918848414759000,1737918848015000000,l2Book_snapshot,,,,6,6,126|127|128|129|130|131
12,13,l2Book,BTC,1737918849031644000,1737918848619000000,l2Book_snapshot,,,,5,5,132|133|134|135|136
13,14,l2Book,BTC,1737918849732767000,1737918849222000000,l2Book_snapshot,,,,5,5,137|138|139|140|141
14,15,l2Book,BTC,1737918850346993000,1737918849824000000,l2Book_snapshot,,,,4,4,142|143|144|145
15,16,l2Book,BTC,1737918850838067000,1737918850460000000,l2Book_snapshot,,,,4,4,146|147|148|149
16,17,l2Book,BTC,1737918851449700000,1737918850979000000,l2Book_snapshot,,,,2,2,150|151
17,18,l2Book,BTC,1737918852194486000,1737918851586000000,l2Book_snapshot,,,,9,9,152|153|154|155|156|157|158|159|160
18,19,l2Book,BTC,1737918852707518000,1737918852192000000,l2Book_snapshot,,,,13,13,161|162|163|164|165|166|167|168|169|170|171|172|173
19,20,l2Book,BTC,1737918853261030000,1737918852872000000,l2Book_snapshot,,,,10,10,174|175|176|177|178|179|180|181|182|183
20,21,trades,BTC,1737918853622919000,1737918853204000000,trade_batch,,,,1,1,184
21,22,l2Book,BTC,1737918853946562000,1737918853474000000,l2Book_snapshot,,,,3,3,185|186|187
22,23,l2Book,BTC,1737918854491974000,1737918854014000000,l2Book_snapshot,,,,4,4,188|189|190|191
23,24,l2Book,BTC,1737918855095282000,1737918854622000000,l2Book_snapshot,,,,6,6,192|193|194|195|196|197
24,25,l2Book,BTC,1737918855774275000,1737918855224000000,l2Book_snapshot,,,,5,5,198|199|200|201|202
25,26,l2Book,BTC,1737918856282130000,1737918855827000000,l2Book_snapshot,,,,2,2,203|204
26,27,l2Book,BTC,1737918857024654000,1737918856304000000,l2Book_snapshot,,,,1,1,205
27,28,l2Book,BTC,1737918857413724000,1737918856834000000,l2Book_snapshot,,,,2,2,206|207
28,29,trades,BTC,1737918857427386000,1737918857033000000,trade_batch,,,,1,1,208
29,30,l2Book,BTC,1737918857926317000,1737918857436000000,l2Book_snapshot,,,,2,2,209|210
30,31,l2Book,BTC,1737918858641970000,1737918858039000000,l2Book_snapshot,,,,1,1,211
31,32,l2Book,BTC,1737918859122732000,1737918858642000000,l2Book_snapshot,,,,2,2,212|213
32,33,l2Book,BTC,1737918859871126000,1737918859245000000,l2Book_snapshot,,,,3,3,214|215|216
33,34,l2Book,BTC,1737918860309410000,1737918859848000000,l2Book_snapshot,,,,5,5,217|218|219|220|221
34,35,trades,BTC,1737918860476248000,1737918860049000000,trade_batch,,,,1,1,222
35,36,l2Book,BTC,1737918860894070000,1737918860345000000,l2Book_snapshot,,,,6,6,223|224|225|226|227|228
36,37,l2Book,BTC,1737918861379861000,1737918860947000000,l2Book_snapshot,,,,2,2,229|230
37,38,l2Book,BTC,1737918862124581000,1737918861457000000,l2Book_snapshot,,,,1,1,231
38,39,l2Book,BTC,1737918862540898000,1737918862059000000,l2Book_snapshot,,,,1,1,232
39,40,l2Book,BTC,1737918863057725000,1737918862556000000,l2Book_snapshot,,,,4,4,233|234|235|236
40,41,l2Book,BTC,1737918863606141000,1737918863063000000,l2Book_snapshot,,,,8,8,237|238|239|240|241|242|243|244
41,42,l2Book,BTC,1737918864172705000,1737918863561000000,l2Book_snapshot,,,,25,25,245|246|247|248|249|250|251|252|253|254|255|256|257|258|259|260|261|262|263|264|265|266|267|268|269
42,43,trades,BTC,1737918864584514000,1737918864071000000,trade_batch,,,,1,1,270
43,44,l2Book,BTC,1737918864617619000,1737918864165000000,l2Book_snapshot,,,,16,16,271|272|273|274|275|276|277|278|279|280|281|282|283|284|285|286
44,45,l2Book,BTC,1737918865149728000,1737918864675000000,l2Book_snapshot,,,,13,13,287|288|289|290|291|292|293|294|295|296|297|298|299
45,46,l2Book,BTC,1737918865701131000,1737918865292000000,l2Book_snapshot,,,,7,7,300|301|302|303|304|305|306
46,47,trades,BTC,1737918866058289000,1737918865696000000,trade_batch,,,,7,7,307|308|309|310|311|312|313
47,48,l2Book,BTC,1737918866279797000,1737918865847000000,l2Book_snapshot,,,,11,11,314|315|316|317|318|319|320|321|322|323|324
48,49,l2Book,BTC,1737918867126346000,1737918866352000000,l2Book_snapshot,,,,11,11,325|326|327|328|329|330|331|332|333|334|335
49,50,l2Book,BTC,1737918867448167000,1737918867060000000,l2Book_snapshot,,,,21,21,336|337|338|339|340|341|342|343|344|345|346|347|348|349|350|351|352|353|354|355|356
50,51,l2Book,BTC,1737918868164640000,1737918867669000000,l2Book_snapshot,,,,17,17,357|358|359|360|361|362|363|364|365|366|367|368|369|370|371|372|373
51,52,trades,BTC,1737918868226682000,1737918867964000000,trade_batch,,,,21,21,374|375|376|377|378|379|380|381|382|383|384|385|386|387|388|389|390|391|392|393|394
52,53,trades,BTC,1737918868353832000,1737918868066000000,trade_batch,,,,1,1,395
53,54,l2Book,BTC,1737918868779322000,1737918868269000000,l2Book_snapshot,,,,11,11,396|397|398|399|400|401|402|403|404|405|406
54,55,l2Book,BTC,1737918869246864000,1737918868877000000,l2Book_snapshot,,,,6,6,407|408|409|410|411|412
