view_seq,view_ts,coin,session_id,connection_attempt,joined_raw_seq,joined_l2book_local_ts,joined_l2book_event_ts,join_age_ms,future_join,missing_join,reconnect_recovery_crossed,best_bid_px,best_ask_px,bid_topn_px,ask_topn_px,bid_topn_qty,ask_topn_qty,bid_topn_order_count,ask_topn_order_count,mid_px,spread_px,spread_ticks,book_freshness_bucket,market_view_quality
0,1780044677646155111,BTC,hl-66959ecb09e941cab61b020ac1e06419,1,1,1780044677646155111,1780044677425000000,0.000000,false,false,false,73681.0,73682.0,73681.0|73680.0|73679.0|73678.0|73677.0,73682.0|73683.0|73684.0|73685.0|73686.0,2.47113|0.77177|0.00038|0.00017|1.37239,11.00908|0.021|1.04991|0.03154|1.93289,10|9|2|1|3,51|2|7|3|6,73681.5,1,10,fresh,candidate_ready
1,1780044678146155111,BTC,hl-66959ecb09e941cab61b020ac1e06419,1,4,1780044677807985266,1780044677425000000,338.169845,false,false,false,73681.0,73682.0,73681.0|73680.0|73679.0|73678.0|73677.0,73682.0|73683.0|73684.0|73685.0|73686.0,2.47113|0.77177|0.00038|0.00017|1.37239,11.00908|0.021|1.04991|0.03154|1.93289,10|9|2|1|3,51|2|7|3|6,73681.5,1,10,warm,candidate_ready
2,1780044678646155111,BTC,hl-66959ecb09e941cab61b020ac1e06419,1,5,1780044678218245962,1780044677954000000,427.909149,false,false,false,73681.0,73682.0,73681.0|73680.0|73679.0|73678.0|73677.0,73682.0|73683.0|73684.0|73685.0|73686.0,3.0217|0.77177|0.00038|0.00017|1.37239,10.58539|0.021|1.04991|0.03154|2.61213,11|9|2|1|3,50|2|7|3|7,73681.5,1,10,warm,candidate_ready
3,1780044679146155111,BTC,hl-66959ecb09e941cab61b020ac1e06419,1,5,1780044678218245962,1780044677954000000,927.909149,false,false,false,73681.0,73682.0,73681.0|73680.0|73679.0|73678.0|73677.0,73682.0|73683.0|73684.0|73685.0|73686.0,3.0217|0.77177|0.00038|0.00017|1.37239,10.58539|0.021|1.04991|0.03154|2.61213,11|9|2|1|3,50|2|7|3|7,73681.5,1,10,warm,candidate_ready
4,1780044679646155111,BTC,hl-66959ecb09e941cab61b020ac1e06419,1,8,1780044679402174259,1780044679056000000,243.980852,false,false,false,73681.0,73682.0,73681.0|73680.0|73679.0|73678.0|73677.0,73682.0|73683.0|73684.0|73685.0|73686.0,3.12153|0.09341|0.00038|0.44783|2.39138,8.72955|0.021|0.59488|2.43516|4.19935,10|7|2|2|4,46|2|6|5|8,73681.5,1,10,fresh,candidate_ready
5,1780044680146155111,BTC,hl-66959ecb09e941cab61b020ac1e06419,1,9,1780044679910814641,1780044679603000000,235.340470,false,false,false,73681.0,73682.0,73681.0|73680.0|73679.0|73678.0|73677.0,73682.0|73683.0|73684.0|73685.0|73686.0,3.50089|0.09341|0.00038|0.69477|1.37239,8.3224|0.021|0.59488|2.43516|2.163,12|7|2|3|3,45|2|6|5|6,73681.5,1,10,fresh,candidate_ready
6,1780044680646155111,BTC,hl-66959ecb09e941cab61b020ac1e06419,1,10,1780044680482190506,1780044680136000000,163.964605,false,false,false,73681.0,73682.0,73681.0|73680.0|73679.0|73678.0|73677.0,73682.0|73683.0|73684.0|73685.0|73686.0,4.06719|0.09341|0.00038|0.69477|1.37239,8.23732|0.021|0.59488|2.43516|3.52149,14|7|2|3|3,44|2|6|5|7,73681.5,1,10,fresh,candidate_ready
7,1780044681146155111,BTC,hl-66959ecb09e941cab61b020ac1e06419,1,11,1780044680977280655,1780044680687000000,168.874456,false,false,false,73681.0,73682.0,73681.0|73680.0|73679.0|73678.0|73677.0,73682.0|73683.0|73684.0|73685.0|73686.0,3.77276|0.0938|0.00038|0.69477|1.37239,9.32146|0.021|0.59488|1.41587|2.163,13|8|2|3|3,48|2|6|4|6,73681.5,1,10,fresh,candidate_ready
8,1780044681646155111,BTC,hl-66959ecb09e941cab61b020ac1e06419,1,11,1780044680977280655,1780044680687000000,668.874456,false,false,false,73681.0,73682.0,73681.0|73680.0|73679.0|73678.0|73677.0,73682.0|73683.0|73684.0|73685.0|73686.0,3.77276|0.0938|0.00038|0.69477|1.37239,9.32146|0.021|0.59488|1.41587|2.163,13|8|2|3|3,48|2|6|4|6,73681.5,1,10,warm,candidate_ready
9,1780044682146155111,BTC,hl-66959ecb09e941cab61b020ac1e06419,1,14,1780044682037374894,1780044681727000000,108.780217,false,false,false,73681.0,73682.0,73681.0|73680.0|73679.0|73678.0|73677.0,73682.0|73683.0|73684.0|73685.0|73686.0,1.09653|0.09341|0.67967|0.69477|0.01374,9.81973|1.04033|3.14341|1.46367|5.55786,5|7|3|3|2,48|3|9|5|9,73681.5,1,10,fresh,candidate_ready
10,1780044682646155111,BTC,hl-66959ecb09e941cab61b020ac1e06419,1,14,1780044682037374894,1780044681727000000,608.780217,false,false,false,73681.0,73682.0,73681.0|73680.0|73679.0|73678.0|73677.0,73682.0|73683.0|73684.0|73685.0|73686.0,1.09653|0.09341|0.67967|0.69477|0.01374,9.81973|1.04033|3.14341|1.46367|5.55786,5|7|3|3|2,48|3|9|5|9,73681.5,1,10,warm,candidate_ready
11,1780044683146155111,BTC,hl-66959ecb09e941cab61b020ac1e06419,1,16,1780044682674223972,1780044682236000000,471.931139,false,false,false,73681.0,73682.0,73681.0|73680.0|73679.0|73678.0|73677.0,73682.0|73683.0|73684.0|73685.0|73686.0,0.41648|0.09341|0.72493|0.00017|0.24051,9.87973|1.04033|3.28251|2.74264|1.25717,4|7|4|1|3,49|3|9|4|6,73681.5,1,10,warm,candidate_ready
12,1780044683646155111,BTC,hl-66959ecb09e941cab61b020ac1e06419,1,18,1780044683171032317,1780044682767000000,475.122794,false,false,false,73674.0,73675.0,73674.0|73673.0|73672.0|73671.0|73670.0,73675.0|73676.0|73677.0|73678.0|73679.0,0.00032|0.00038|0.00017|0.00017|0.00038,14.89466|15.67112|15.26206|11.41257|11.98924,2|2|1|1|2,59|58|67|61|81,73674.5,1,10,warm,candidate_ready
13,1780044684146155111,BTC,hl-66959ecb09e941cab61b020ac1e06419,1,22,1780044683943000817,1780044683314000000,203.154294,false,false,false,73661.0,73662.0,73661.0|73660.0|73659.0|73658.0|73657.0,73662.0|73663.0|73664.0|73665.0|73666.0,0.30017|0.10356|0.00017|0.00183|0.00017,7.2037|8.81081|5.80284|8.33549|7.97385,2|2|1|4|1,41|40|36|43|38,73661.5,1,10,fresh,candidate_ready
14,1780044684646155111,BTC,hl-66959ecb09e941cab61b020ac1e06419,1,22,1780044683943000817,1780044683314000000,703.154294,false,false,false,73661.0,73662.0,73661.0|73660.0|73659.0|73658.0|73657.0,73662.0|73663.0|73664.0|73665.0|73666.0,0.30017|0.10356|0.00017|0.00183|0.00017,7.2037|8.81081|5.80284|8.33549|7.97385,2|2|1|4|1,41|40|36|43|38,73661.5,1,10,warm,candidate_ready
15,1780044685146155111,BTC,hl-66959ecb09e941cab61b020ac1e06419,1,25,1780044684802114410,1780044684390000000,344.040701,false,false,false,73661.0,73662.0,73661.0|73660.0|73659.0|73658.0|73657.0,73662.0|73663.0|73664.0|73666.0|73667.0,4.36698|0.16205|0.52808|0.0468|1.35919,6.64971|0.05357|2.73498|0.72824|3.51202,16|3|3|4|2,20|3|4|6|5,73661.5,1,10,warm,candidate_ready
16,1780044685646155111,BTC,hl-66959ecb09e941cab61b020ac1e06419,1,26,1780044685239606141,1780044684947000000,406.548970,false,false,false,73661.0,73662.0,73661.0|73660.0|73659.0|73658.0|73657.0,73662.0|73663.0|73664.0|73665.0|73666.0,4.18087|0.16205|0.75472|0.06945|0.67965,7.87505|0.71302|2.46243|1.55714|4.52406,15|3|4|4|2,23|3|2|4|7,73661.5,1,10,warm,candidate_ready
17,1780044686146155111,BTC,hl-66959ecb09e941cab61b020ac1e06419,1,29,1780044685818237748,1780044685484000000,327.917363,false,false,false,73661.0,73662.0,73661.0|73660.0|73659.0|73658.0|73657.0,73662.0|73663.0|73664.0|73665.0|73666.0,4.49142|0.94712|1.43421|0.06945|0.00017,5.78261|0.03357|2.88016|3.59408|4.50994,14|6|5|4|1,21|2|5|5|7,73661.5,1,10,warm,candidate_ready
18,1780044686646155111,BTC,hl-66959ecb09e941cab61b020ac1e06419,1,30,1780044686342768592,1780044686009000000,303.386519,false,false,false,73661.0,73662.0,73661.0|73660.0|73659.0|73658.0|73657.0,73662.0|73663.0|73664.0|73665.0|73666.0,4.51092|0.2614|1.43421|0.06945|0.00017,6.18987|0.03357|2.88016|3.59408|4.50994,15|6|5|4|1,22|2|5|5|7,73661.5,1,10,warm,candidate_ready
19,1780044687146155111,BTC,hl-66959ecb09e941cab61b020ac1e06419,1,32,1780044686866941025,1780044686535000000,279.214086,false,false,false,73661.0,73662.0,73661.0|73660.0|73659.0|73658.0|73657.0,73662.0|73663.0|73664.0|73665.0|73666.0,4.45805|0.94037|0.75472|0.06945|0.00017,6.18791|0.03357|2.88016|3.59408|4.50994,16|6|4|4|1,22|2|5|5|7,73661.5,1,10,warm,candidate_ready
20,1780044687646155111,BTC,hl-66959ecb09e941cab61b020ac1e06419,1,35,1780044687405511801,1780044687087000000,240.643310,false,false,false,73661.0,73662.0,73661.0|73660.0|73659.0|73658.0|73657.0,73662.0|73663.0|73664.0|73665.0|73666.0,4.45715|0.49063|1.4342|0.06945|0.00017,6.18776|0.03357|3.55961|1.55713|6.88657,15|6|5|4|1,22|2|6|3|9,73661.5,1,10,fresh,candidate_ready
21,1780044688146155111,BTC,hl-66959ecb09e941cab61b020ac1e06419,1,37,1780044687949741697,1780044687648000000,196.413414,false,false,false,73661.0,73662.0,73661.0|73660.0|73659.0|73658.0|73657.0,73662.0|73663.0|73664.0|73665.0|73666.0,4.45745|0.26099|1.4342|0.06945|0.00017,5.56993|0.03357|2.71157|2.23657|6.13895,16|4|5|4|1,19|2|4|4|9,73661.5,1,10,fresh,candidate_ready
22,1780044688646155111,BTC,hl-66959ecb09e941cab61b020ac1e06419,1,38,1780044688519221387,1780044688186000000,126.933724,false,false,false,73661.0,73662.0,73661.0|73660.0|73659.0|73658.0|73657.0,73662.0|73663.0|73664.0|73665.0|73666.0,4.45745|0.26099|1.4342|0.06945|0.00017,5.57373|0.63362|2.71157|2.23657|6.13895,16|4|5|4|1,20|4|4|4|9,73661.5,1,10,fresh,candidate_ready
23,1780044689146155111,BTC,hl-66959ecb09e941cab61b020ac1e06419,1,38,1780044688519221387,1780044688186000000,626.933724,false,false,false,73661.0,73662.0,73661.0|73660.0|73659.0|73658.0|73657.0,73662.0|73663.0|73664.0|73665.0|73666.0,4.45745|0.26099|1.4342|0.06945|0.00017,5.57373|0.63362|2.71157|2.23657|6.13895,16|4|5|4|1,20|4|4|4|9,73661.5,1,10,warm,candidate_ready
24,1780044689646155111,BTC,hl-66959ecb09e941cab61b020ac1e06419,1,38,1780044688519221387,1780044688186000000,1126.933724,false,false,false,73661.0,73662.0,73661.0|73660.0|73659.0|73658.0|73657.0,73662.0|73663.0|73664.0|73665.0|73666.0,4.45745|0.26099|1.4342|0.06945|0.00017,5.57373|0.63362|2.71157|2.23657|6.13895,16|4|5|4|1,20|4|4|4|9,73661.5,1,10,stale,watch_only
25,1780044690146155111,BTC,hl-66959ecb09e941cab61b020ac1e06419,1,43,1780044690131605108,1780044689820000000,14.550003,false,false,false,73661.0,73662.0,73661.0|73660.0|73659.0|73658.0|73657.0,73662.0|73663.0|73664.0|73665.0|73666.0,4.45365|0.26099|0.75472|0.06945|0.00017,8.03059|0.22636|2.71157|1.55713|6.99517,16|4|4|4|1,22|3|4|3|10,73661.5,1,10,fresh,candidate_ready
26,1780044690646155111,BTC,hl-66959ecb09e941cab61b020ac1e06419,1,43,1780044690131605108,1780044689820000000,514.550003,false,false,false,73661.0,73662.0,73661.0|73660.0|73659.0|73658.0|73657.0,73662.0|73663.0|73664.0|73665.0|73666.0,4.45365|0.26099|0.75472|0.06945|0.00017,8.03059|0.22636|2.71157|1.55713|6.99517,16|4|4|4|1,22|3|4|3|10,73661.5,1,10,warm,candidate_ready
27,1780044691146155111,BTC,hl-66959ecb09e941cab61b020ac1e06419,1,45,1780044690664077367,1780044690390000000,482.077744,false,false,false,73661.0,73662.0,73661.0|73660.0|73659.0|73658.0|73657.0,73662.0|73663.0|73664.0|73665.0|73666.0,3.44704|0.1331|1.43421|0.06945|1.35916,8.92128|0.90582|3.01427|1.65713|6.89517,12|4|5|4|3,26|4|3|6|7,73661.5,1,10,warm,candidate_ready
28,1780044691646155111,BTC,hl-66959ecb09e941cab61b020ac1e06419,1,47,1780044691243699121,1780044690923000000,402.455990,false,false,false,73661.0,73662.0,73661.0|73660.0|73659.0|73658.0|73657.0,73662.0|73663.0|73664.0|73665.0|73666.0,2.00686|0.0022|0.52808|0.36945|0.67967,8.92127|0.22636|3.01427|1.65713|6.89517,11|2|3|5|2,26|3|3|6|7,73661.5,1,10,warm,candidate_ready
29,1780044692146155111,BTC,hl-66959ecb09e941cab61b020ac1e06419,1,49,1780044691828501844,1780044691487000000,317.653267,false,false,false,73661.0,73662.0,73661.0|73660.0|73659.0|73658.0|73657.0,73662.0|73663.0|73664.0|73665.0|73666.0,2.594|0.04744|0.52808|0.59613|0.67967,10.28021|0.22636|3.64695|0.29825|6.89517,12|3|3|6|2,27|3|4|5|7,73661.5,1,10,warm,candidate_ready
30,1780044692646155111,BTC,hl-66959ecb09e941cab61b020ac1e06419,1,51,1780044692403027069,1780044692021000000,243.128042,false,false,false,73661.0,73662.0,73661.0|73660.0|73659.0|73658.0|73657.0,73662.0|73663.0|73664.0|73665.0|73666.0,2.594|0.04744|0.52808|0.59634|0.67967,10.31924|0.22636|3.64695|0.29825|6.89517,12|3|3|7|2,30|3|4|5|7,73661.5,1,10,fresh,candidate_ready
31,1780044693146155111,BTC,hl-66959ecb09e941cab61b020ac1e06419,1,53,1780044692948723137,1780044692567000000,197.431974,false,false,false,73661.0,73662.0,73661.0|73660.0|73659.0|73658.0|73657.0,73662.0|73663.0|73664.0|73665.0|73666.0,3.24713|0.04744|0.52808|0.59634|0.67967,10.91252|0.22636|3.64695|0.29825|6.89585,13|3|3|7|2,32|3|4|5|8,73661.5,1,10,fresh,candidate_ready
32,1780044693646155111,BTC,hl-66959ecb09e941cab61b020ac1e06419,1,54,1780044693428054196,1780044693103000000,218.100915,false,false,false,73661.0,73662.0,73661.0|73660.0|73659.0|73658.0|73657.0,73662.0|73663.0|73664.0|73665.0|73666.0,2.56763|0.0022|0.52808|0.29634|0.67967,8.52906|1.58389|4.66612|2.94807|4.51922,12|2|3|6|2,31|4|5|7|6,73661.5,1,10,fresh,candidate_ready
33,1780044694146155111,BTC,hl-66959ecb09e941cab61b020ac1e06419,1,54,1780044693428054196,1780044693103000000,718.100915,false,false,false,73661.0,73662.0,73661.0|73660.0|73659.0|73658.0|73657.0,73662.0|73663.0|73664.0|73665.0|73666.0,2.56763|0.0022|0.52808|0.29634|0.67967,8.52906|1.58389|4.66612|2.94807|4.51922,12|2|3|6|2,31|4|5|7|6,73661.5,1,10,warm,candidate_ready
34,1780044694646155111,BTC,hl-66959ecb09e941cab61b020ac1e06419,1,55,1780044694282145917,1780044693646000000,364.009194,false,false,false,73661.0,73662.0,73661.0|73660.0|73659.0|73658.0|73657.0,73662.0|73663.0|73664.0|73665.0|73666.0,2.57013|0.04744|0.52808|0.59634|0.67967,10.39642|0.27191|5.00447|1.31741|5.53837,14|3|3|7|2,31|4|5|6|7,73661.5,1,10,warm,candidate_ready
35,1780044695146155111,BTC,hl-66959ecb09e941cab61b020ac1e06419,1,57,1780044695088391980,1780044694751000000,57.763131,false,false,false,73661.0,73662.0,73661.0|73660.0|73659.0|73658.0|73657.0,73662.0|73663.0|73664.0|73665.0|73666.0,2.02725|0.0022|0.52808|0.29634|0.00017,10.26956|4.06773|4.66738|2.94807|5.06869,13|2|3|6|1,30|5|6|7|7,73661.5,1,10,fresh,candidate_ready
36,1780044695646155111,BTC,hl-66959ecb09e941cab61b020ac1e06419,1,59,1780044695587599862,1780044695299000000,58.555249,false,false,false,73661.0,73662.0,73661.0|73660.0|73659.0|73658.0|73657.0,73662.0|73663.0|73664.0|73665.0|73666.0,0.51851|0.0022|0.52808|0.29634|0.67967,12.4299|4.06773|4.66738|2.94807|5.06869,10|2|3|6|2,31|5|6|7|7,73661.5,1,10,fresh,candidate_ready
37,1780044696146155111,BTC,hl-66959ecb09e941cab61b020ac1e06419,1,61,1780044696121582333,1780044695836000000,24.572778,false,false,false,73661.0,73662.0,73661.0|73660.0|73659.0|73658.0|73657.0,73662.0|73663.0|73664.0|73665.0|73666.0,0.1805|0.23572|1.20757|0.29634|0.67966,9.40815|4.06773|6.36464|0.29825|6.28893,8|4|4|6|2,26|5|7|5|9,73661.5,1,10,fresh,candidate_ready
38,1780044696646155111,BTC,hl-66959ecb09e941cab61b020ac1e06419,1,61,1780044696121582333,1780044695836000000,524.572778,false,false,false,73661.0,73662.0,73661.0|73660.0|73659.0|73658.0|73657.0,73662.0|73663.0|73664.0|73665.0|73666.0,0.1805|0.23572|1.20757|0.29634|0.67966,9.40815|4.06773|6.36464|0.29825|6.28893,8|4|4|6|2,26|5|7|5|9,73661.5,1,10,warm,candidate_ready
39,1780044697146155111,BTC,hl-66959ecb09e941cab61b020ac1e06419,1,63,1780044696738768432,1780044696376000000,407.386679,false,false,false,73661.0,73662.0,73661.0|73660.0|73659.0|73658.0|73657.0,73662.0|73663.0|73664.0|73665.0|73666.0,3.68102|0.23572|0.52808|0.29634|0.97966,8.86513|4.06773|6.36464|0.29825|6.33165,13|4|3|6|3,25|5|7|5|10,73661.5,1,10,warm,candidate_ready
40,1780044697646155111,BTC,hl-66959ecb09e941cab61b020ac1e06419,1,64,1780044697238937478,1780044696908000000,407.217633,false,false,false,73661.0,73662.0,73661.0|73660.0|73659.0|73658.0|73657.0,73662.0|73663.0|73664.0|73665.0|73666.0,3.68102|0.23572|0.52808|0.97583|0.30017,10.95302|4.06773|5.00573|0.29825|6.33165,13|4|3|7|2,30|5|6|5|10,73661.5,1,10,warm,candidate_ready
41,1780044698146155111,BTC,hl-66959ecb09e941cab61b020ac1e06419,1,65,1780044697799536485,1780044697450000000,346.618626,false,false,false,73661.0,73662.0,73661.0|73660.0|73659.0|73658.0|73657.0,73662.0|73663.0|73664.0|73665.0|73666.0,3.80389|0.23522|1.20756|0.29634|0.30017,5.73602|0.27191|5.68657|1.55576|2.3038,14|3|4|6|2,22|4|7|3|7,73661.5,1,10,warm,candidate_ready
42,1780044698646155111,BTC,hl-66959ecb09e941cab61b020ac1e06419,1,68,1780044698412487397,1780044698006000000,233.667714,false,false,false,73662.0,73663.0,73662.0|73661.0|73660.0|73659.0|73658.0,73663.0|73664.0|73665.0|73666.0|73667.0,36.63621|15.8718|0.60894|0.86869|0.29243,0.05906|0.00031|0.00017|0.00017|0.00038,230|38|8|6|5,3|2|1|1|2,73662.5,1,10,fresh,candidate_ready
43,1780044699146155111,BTC,hl-66959ecb09e941cab61b020ac1e06419,1,70,1780044698914700988,1780044698568000000,231.454123,false,false,false,73662.0,73663.0,73662.0|73661.0|73660.0|73659.0|73658.0,73663.0|73664.0|73665.0|73666.0|73667.0,31.92398|3.19245|3.0835|0.86869|0.29243,0.05906|0.00017|0.00017|0.00017|0.00038,108|17|8|6|5,3|1|1|1|2,73662.5,1,10,fresh,candidate_ready
44,1780044699646155111,BTC,hl-66959ecb09e941cab61b020ac1e06419,1,70,1780044698914700988,1780044698568000000,731.454123,false,false,false,73662.0,73663.0,73662.0|73661.0|73660.0|73659.0|73658.0,73663.0|73664.0|73665.0|73666.0|73667.0,31.92398|3.19245|3.0835|0.86869|0.29243,0.05906|0.00017|0.00017|0.00017|0.00038,108|17|8|6|5,3|1|1|1|2,73662.5,1,10,warm,candidate_ready
45,1780044700146155111,BTC,hl-66959ecb09e941cab61b020ac1e06419,1,72,1780044699977022782,1780044699140000000,169.132329,false,false,false,73662.0,73663.0,73662.0|73661.0|73660.0|73659.0|73658.0,73663.0|73664.0|73665.0|73666.0|73667.0,28.33561|3.07533|4.00212|1.10174|0.29243,0.05906|0.00017|0.00017|0.00017|0.00038,80|13|10|8|5,3|1|1|1|2,73662.5,1,10,fresh,candidate_ready
46,1780044700646155111,BTC,hl-66959ecb09e941cab61b020ac1e06419,1,78,1780044700547296983,1780044700173000000,98.858128,false,false,false,73668.0,73669.0,73668.0|73667.0|73666.0|73665.0|73664.0,73669.0|73670.0|73671.0|73672.0|73673.0,9.03355|9.29748|9.27603|7.35075|10.40089,0.00222|0.00017|0.00047|0.01395|1.01978,61|57|57|87|88,3|1|2|3|3,73668.5,1,10,fresh,candidate_ready
47,1780044701146155111,BTC,hl-66959ecb09e941cab61b020ac1e06419,1,79,1780044701098882213,1780044700725000000,47.272898,false,false,false,73668.0,73669.0,73668.0|73667.0|73666.0|73665.0|73664.0,73669.0|73670.0|73671.0|73672.0|73673.0,21.46911|7.24961|3.04305|4.50759|0.34275,0.00232|0.00017|0.00017|0.01374|1.01964,88|17|13|19|14,3|1|1|2|2,73668.5,1,10,fresh,candidate_ready
48,1780044701646155111,BTC,hl-66959ecb09e941cab61b020ac1e06419,1,81,1780044701642651734,1780044701290000000,3.503377,false,false,false,73670.0,73671.0,73670.0|73669.0|73668.0|73667.0|73666.0,73671.0|73672.0|73673.0|73674.0|73675.0,23.13822|19.48286|18.15938|2.06277|1.35884,0.00017|0.01418|1.01964|0.00105|3.36475,194|183|63|4|1,1|4|2|3|10,73670.5,1,10,fresh,candidate_ready
49,1780044702146155111,BTC,hl-66959ecb09e941cab61b020ac1e06419,1,81,1780044701642651734,1780044701290000000,503.503377,false,false,false,73670.0,73671.0,73670.0|73669.0|73668.0|73667.0|73666.0,73671.0|73672.0|73673.0|73674.0|73675.0,23.13822|19.48286|18.15938|2.06277|1.35884,0.00017|0.01418|1.01964|0.00105|3.36475,194|183|63|4|1,1|4|2|3|10,73670.5,1,10,warm,candidate_ready
50,1780044702646155111,BTC,hl-66959ecb09e941cab61b020ac1e06419,1,82,1780044702188193362,1780044701844000000,457.961749,false,false,false,73670.0,73671.0,73670.0|73669.0|73668.0|73667.0|73666.0,73671.0|73672.0|73673.0|73674.0|73675.0,18.94904|2.9651|3.48324|0.001|1.35884,0.13591|0.01418|1.02223|0.00119|2.88064,68|7|9|1|1,2|4|3|4|9,73670.5,1,10,warm,candidate_ready
51,1780044703146155111,BTC,hl-66959ecb09e941cab61b020ac1e06419,1,83,1780044702686406004,1780044702367000000,459.749107,false,false,false,73670.0,73671.0,73670.0|73669.0|73668.0|73667.0|73666.0,73671.0|73672.0|73673.0|73674.0|73675.0,15.36956|6.5433|1.10534|0.001|1.35884,2.07319|0.01418|1.02223|0.00119|2.88064,60|9|7|1|1,9|4|3|4|9,73670.5,1,10,warm,candidate_ready
52,1780044703646155111,BTC,hl-66959ecb09e941cab61b020ac1e06419,1,85,1780044703207153610,1780044702904000000,439.001501,false,false,false,73670.0,73671.0,73670.0|73669.0|73668.0|73667.0|73666.0,73671.0|73672.0|73673.0|73674.0|73675.0,14.29787|2.39374|0.96034|0.001|2.98945,1.84472|0.73367|1.02237|0.00105|3.55999,57|7|5|1|2,7|6|4|3|10,73670.5,1,10,warm,candidate_ready
53,1780044704146155111,BTC,hl-66959ecb09e941cab61b020ac1e06419,1,87,1780044703856855351,1780044703465000000,289.299760,false,false,false,73670.0,73671.0,73670.0|73669.0|73668.0|73667.0|73666.0,73671.0|73672.0|73673.0|73674.0|73675.0,5.40264|1.37861|0.96051|0.63369|0.67958,4.07607|2.79759|1.02237|5.1542|4.51108,27|4|6|3|2,14|8|4|5|10,73670.5,1,10,warm,candidate_ready
54,1780044704646155111,BTC,hl-66959ecb09e941cab61b020ac1e06419,1,87,1780044703856855351,1780044703465000000,789.299760,false,false,false,73670.0,73671.0,73670.0|73669.0|73668.0|73667.0|73666.0,73671.0|73672.0|73673.0|73674.0|73675.0,5.40264|1.37861|0.96051|0.63369|0.67958,4.07607|2.79759|1.02237|5.1542|4.51108,27|4|6|3|2,14|8|4|5|10,73670.5,1,10,warm,candidate_ready
55,1780044705146155111,BTC,hl-66959ecb09e941cab61b020ac1e06419,1,91,1780044704873790180,1780044704553000000,272.364931,false,false,false,73670.0,73671.0,73670.0|73669.0|73668.0|73667.0|73666.0,73671.0|73672.0|73673.0|73674.0|73675.0,3.20244|0.74803|0.96051|0.00117|0.67958,7.29949|3.40946|3.06047|3.79687|4.51108,28|4|6|2|2,24|6|6|4|10,73670.5,1,10,warm,candidate_ready
56,1780044705646155111,BTC,hl-66959ecb09e941cab61b020ac1e06419,1,92,1780044705407796362,1780044705094000000,238.358749,false,false,false,73670.0,73671.0,73670.0|73669.0|73668.0|73667.0|73666.0,73671.0|73672.0|73673.0|73674.0|73675.0,4.353|0.74803|0.96051|0.00117|0.97958,7.29271|3.40946|2.29492|3.79687|5.53011,33|4|6|2|3,23|6|6|4|11,73670.5,1,10,fresh,candidate_ready
57,1780044706146155111,BTC,hl-66959ecb09e941cab61b020ac1e06419,1,93,1780044705974691665,1780044705644000000,171.463446,false,false,false,73670.0,73671.0,73670.0|73669.0|73668.0|73667.0|73666.0,73671.0|73672.0|73673.0|73674.0|73675.0,4.47198|0.74803|0.96051|0.00117|0.97958,7.29271|3.40946|2.29492|3.79687|5.53011,34|4|6|2|3,23|6|6|4|11,73670.5,1,10,fresh,candidate_ready
58,1780044706646155111,BTC,hl-66959ecb09e941cab61b020ac1e06419,1,95,1780044706487844419,1780044706183000000,158.310692,false,false,false,73670.0,73671.0,73670.0|73669.0|73668.0|73667.0|73666.0,73671.0|73672.0|73673.0|73674.0|73675.0,4.44638|0.74803|0.96051|0.00117|0.97958,5.93293|4.76821|1.27587|3.79687|6.54914,34|4|6|2|3,21|7|5|4|12,73670.5,1,10,fresh,candidate_ready
59,1780044707146155111,BTC,hl-66959ecb09e941cab61b020ac1e06419,1,97,1780044707061567147,1780044706729000000,84.587964,false,false,false,73670.0,73671.0,73670.0|73668.0|73667.0|73666.0|73665.0,73671.0|73672.0|73673.0|73674.0|73675.0,0.34292|0.00017|0.00137|0.00017|0.05503,19.27075|4.76921|1.91063|5.15559|4.75546,4|1|2|1|4,47|8|7|5|11,73670.5,1,10,fresh,candidate_ready
60,1780044707646155111,BTC,hl-66959ecb09e941cab61b020ac1e06419,1,99,1780044707611851687,1780044707262000000,34.303424,false,false,false,73670.0,73671.0,73670.0|73668.0|73667.0|73666.0|73665.0,73671.0|73672.0|73673.0|73674.0|73675.0,0.01|0.00017|0.00017|0.04542|0.05503,18.93846|3.78195|1.91063|5.15559|5.82574,1|1|1|2|4,47|13|7|5|14,73670.5,1,10,fresh,candidate_ready
61,1780044708146155111,BTC,hl-66959ecb09e941cab61b020ac1e06419,1,101,1780044708123309534,1780044707800000000,22.845577,false,false,false,73670.0,73671.0,73670.0|73668.0|73667.0|73666.0|73665.0,73671.0|73672.0|73673.0|73674.0|73675.0,0.01|0.04542|0.00017|0.00017|0.05503,21.22747|3.78195|1.91063|5.15559|5.82574,1|2|1|1|4,49|13|7|5|14,73670.5,1,10,fresh,candidate_ready
62,1780044708646155111,BTC,hl-66959ecb09e941cab61b020ac1e06419,1,102,1780044708626264559,1780044708335000000,19.890552,false,false,false,73670.0,73671.0,73670.0|73668.0|73667.0|73666.0|73665.0,73671.0|73672.0|73673.0|73674.0|73675.0,0.01|0.04542|0.22687|0.00017|0.05503,21.22747|3.76838|1.91063|5.30531|5.87354,1|2|2|1|4,49|14|7|6|15,73670.5,1,10,fresh,candidate_ready
63,1780044709146155111,BTC,hl-66959ecb09e941cab61b020ac1e06419,1,102,1780044708626264559,1780044708335000000,519.890552,false,false,false,73670.0,73671.0,73670.0|73668.0|73667.0|73666.0|73665.0,73671.0|73672.0|73673.0|73674.0|73675.0,0.01|0.04542|0.22687|0.00017|0.05503,21.22747|3.76838|1.91063|5.30531|5.87354,1|2|2|1|4,49|14|7|6|15,73670.5,1,10,warm,candidate_ready
64,1780044709646155111,BTC,hl-66959ecb09e941cab61b020ac1e06419,1,102,1780044708626264559,1780044708335000000,1019.890552,false,false,false,73670.0,73671.0,73670.0|73668.0|73667.0|73666.0|73665.0,73671.0|73672.0|73673.0|73674.0|73675.0,0.01|0.04542|0.22687|0.00017|0.05503,21.22747|3.76838|1.91063|5.30531|5.87354,1|2|2|1|4,49|14|7|6|15,73670.5,1,10,stale,watch_only
65,1780044710146155111,BTC,hl-66959ecb09e941cab61b020ac1e06419,1,105,1780044709774906614,1780044709438000000,371.248497,false,false,false,73661.0,73662.0,73661.0|73660.0|73659.0|73658.0|73657.0,73662.0|73663.0|73664.0|73665.0|73666.0,0.56708|2.0002|0.38158|1.54966|2.20381,15.63787|15.37078|12.12941|9.517|12.04199,2|7|5|6|7,48|71|61|61|69,73661.5,1,10,warm,candidate_ready
66,1780044710646155111,BTC,hl-66959ecb09e941cab61b020ac1e06419,1,106,1780044710277450287,1780044709977000000,368.704824,false,false,false,73661.0,73662.0,73661.0|73660.0|73659.0|73658.0|73657.0,73662.0|73663.0|73664.0|73665.0|73666.0,4.98975|1.77445|0.35869|0.55795|2.2835,14.19547|2.62055|1.32041|2.3474|2.39009,20|6|4|5|6,27|9|8|6|10,73661.5,1,10,warm,candidate_ready
67,1780044711146155111,BTC,hl-66959ecb09e941cab61b020ac1e06419,1,107,1780044710892799814,1780044710543000000,253.355297,false,false,false,73661.0,73662.0,73661.0|73660.0|73659.0|73658.0|73657.0,73662.0|73663.0|73664.0|73665.0|73666.0,5.84356|1.77378|0.35869|0.55795|0.65268,8.4874|1.91388|1.02232|0.67974|1.47427,28|6|4|5|5,18|4|3|2|3,73661.5,1,10,warm,candidate_ready
68,1780044711646155111,BTC,hl-66959ecb09e941cab61b020ac1e06419,1,109,1780044711446156692,1780044711079000000,199.998419,false,false,false,73661.0,73662.0,73661.0|73660.0|73659.0|73658.0|73657.0,73662.0|73663.0|73664.0|73665.0|73666.0,5.30687|1.09431|1.03817|0.10717|0.42684,8.54545|1.23736|1.02232|0.67975|1.47427,25|5|5|4|4,19|3|3|2|3,73661.5,1,10,fresh,candidate_ready
69,1780044712146155111,BTC,hl-66959ecb09e941cab61b020ac1e06419,1,110,1780044711923313780,1780044711623000000,222.841331,false,false,false,73661.0,73662.0,73661.0|73660.0|73659.0|73658.0|73657.0,73662.0|73663.0|73664.0|73665.0|73666.0,4.15225|0.01677|0.35869|1.52075|0.38678,8.54545|1.91682|1.02232|0.0003|1.47427,18|4|4|6|3,19|4|3|1|3,73661.5,1,10,fresh,candidate_ready
70,1780044712646155111,BTC,hl-66959ecb09e941cab61b020ac1e06419,1,112,1780044712473920057,1780044712156000000,172.235054,false,false,false,73661.0,73662.0,73661.0|73660.0|73659.0|73658.0|73657.0,73662.0|73663.0|73664.0|73665.0|73666.0,5.95865|0.31677|0.68565|0.35074|0.03425,8.6133|1.23736|1.01973|0.67975|2.85898,27|5|4|4|2,20|3|2|2|4,73661.5,1,10,fresh,candidate_ready
71,1780044713146155111,BTC,hl-66959ecb09e941cab61b020ac1e06419,1,113,1780044713000793647,1780044712714000000,145.361464,false,false,false,73661.0,73662.0,73661.0|73660.0|73659.0|73658.0|73657.0,73662.0|73663.0|73664.0|73665.0|73666.0,0.78814|0.01677|0.00347|0.68008|0.00017,14.96026|1.23836|1.01973|2.30986|2.86098,11|4|3|4|1,39|4|2|3|5,73661.5,1,10,fresh,candidate_ready
72,1780044713646155111,BTC,hl-66959ecb09e941cab61b020ac1e06419,1,114,1780044713592641504,1780044713247000000,53.513607,false,false,false,73661.0,73662.0,73661.0|73660.0|73659.0|73658.0|73657.0,73662.0|73663.0|73664.0|73665.0|73666.0,1.12753|0.01677|0.00017|0.36876|0.85502,15.31993|2.17732|1.02232|2.30986|2.95898,12|4|1|6|3,42|5|3|3|6,73661.5,1,10,fresh,candidate_ready
73,1780044714146155111,BTC,hl-66959ecb09e941cab61b020ac1e06419,1,114,1780044713592641504,1780044713247000000,553.513607,false,false,false,73661.0,73662.0,73661.0|73660.0|73659.0|73658.0|73657.0,73662.0|73663.0|73664.0|73665.0|73666.0,1.12753|0.01677|0.00017|0.36876|0.85502,15.31993|2.17732|1.02232|2.30986|2.95898,12|4|1|6|3,42|5|3|3|6,73661.5,1,10,warm,candidate_ready
74,1780044714646155111,BTC,hl-66959ecb09e941cab61b020ac1e06419,1,114,1780044713592641504,1780044713247000000,1053.513607,false,false,false,73661.0,73662.0,73661.0|73660.0|73659.0|73658.0|73657.0,73662.0|73663.0|73664.0|73665.0|73666.0,1.12753|0.01677|0.00017|0.36876|0.85502,15.31993|2.17732|1.02232|2.30986|2.95898,12|4|1|6|3,42|5|3|3|6,73661.5,1,10,stale,watch_only
75,1780044715146155111,BTC,hl-66959ecb09e941cab61b020ac1e06419,1,116,1780044714881896647,1780044714324000000,264.258464,false,false,false,73661.0,73662.0,73661.0|73660.0|73659.0|73658.0|73657.0,73662.0|73663.0|73664.0|73665.0|73666.0,1.12753|0.01677|0.00017|0.41383|0.90551,13.53869|3.53486|1.02232|2.14694|3.00646,12|4|1|7|3,40|6|3|3|7,73661.5,1,10,warm,candidate_ready
76,1780044715646155111,BTC,hl-66959ecb09e941cab61b020ac1e06419,1,117,1780044715198653662,1780044714834000000,447.501449,false,false,false,73661.0,73662.0,73661.0|73660.0|73659.0|73658.0|73657.0,73662.0|73663.0|73664.0|73665.0|73666.0,1.12753|0.01677|0.00017|0.41383|0.90551,13.53869|3.53486|1.02232|2.14694|2.95898,12|4|1|7|3,40|6|3|3|6,73661.5,1,10,warm,candidate_ready
77,1780044716146155111,BTC,hl-66959ecb09e941cab61b020ac1e06419,1,119,1780044715768747238,1780044715375000000,377.407873,false,false,false,73661.0,73662.0,73661.0|73660.0|73659.0|73658.0|73657.0,73662.0|73663.0|73664.0|73665.0|73666.0,1.12753|0.01677|0.00017|0.36876|0.90551,12.60324|3.53486|1.02232|3.50585|2.95898,12|4|1|6|3,40|6|3|4|6,73661.5,1,10,warm,candidate_ready
78,1780044716646155111,BTC,hl-66959ecb09e941cab61b020ac1e06419,1,122,1780044716254565443,1780044715925000000,391.589668,false,false,false,73661.0,73662.0,73661.0|73660.0|73659.0|73658.0|73657.0,73662.0|73663.0|73664.0|73665.0|73666.0,1.04253|0.06184|0.00017|0.36876|0.90551,13.96218|3.53486|1.02232|2.19442|2.95898,5|5|1|6|3,41|6|3|4|6,73661.5,1,10,warm,candidate_ready
79,1780044717146155111,BTC,hl-66959ecb09e941cab61b020ac1e06419,1,123,1780044716772404546,1780044716462000000,373.750565,false,false,false,73661.0,73662.0,73661.0|73660.0|73659.0|73658.0|73657.0,73662.0|73663.0|73664.0|73665.0|73666.0,3.21984|0.06234|0.00017|0.36876|0.90551,13.96218|3.53486|1.02232|2.14694|3.00646,7|6|1|6|3,41|6|3|3|7,73661.5,1,10,warm,candidate_ready
80,1780044717646155111,BTC,hl-66959ecb09e941cab61b020ac1e06419,1,124,1780044717274462530,1780044716982000000,371.692581,false,false,false,73661.0,73662.0,73661.0|73660.0|73659.0|73658.0|73657.0,73662.0|73663.0|73664.0|73665.0|73666.0,4.49928|0.06184|0.00017|0.36876|0.90551,14.41916|3.53486|1.02232|2.14694|3.00646,13|5|1|6|3,44|6|3|3|7,73661.5,1,10,warm,candidate_ready
81,1780044718146155111,BTC,hl-66959ecb09e941cab61b020ac1e06419,1,126,1780044717771693946,1780044717539000000,374.461165,false,false,false,73661.0,73662.0,73661.0|73660.0|73659.0|73658.0|73657.0,73662.0|73663.0|73664.0|73665.0|73666.0,3.99192|0.06184|0.00017|0.36876|0.90551,13.66901|3.53486|1.02232|2.14694|3.00646,9|5|1|6|3,41|6|3|3|7,73661.5,1,10,warm,candidate_ready
82,1780044718646155111,BTC,hl-66959ecb09e941cab61b020ac1e06419,1,127,1780044718425341997,1780044718085000000,220.813114,false,false,false,73661.0,73662.0,73661.0|73660.0|73659.0|73658.0|73657.0,73662.0|73663.0|73664.0|73665.0|73666.0,4.52993|0.06184|0.00017|0.36876|0.90551,13.66901|3.53486|1.02232|2.46547|2.95898,13|5|1|6|3,41|6|3|4|6,73661.5,1,10,fresh,candidate_ready
83,1780044719146155111,BTC,hl-66959ecb09e941cab61b020ac1e06419,1,129,1780044718954485060,1780044718633000000,191.670051,false,false,false,73661.0,73662.0,73661.0|73660.0|73659.0|73658.0|73657.0,73662.0|73663.0|73664.0|73665.0|73666.0,2.53041|0.06184|0.00017|0.36876|0.90551,13.66898|3.53486|1.02232|2.46547|2.95898,7|5|1|6|3,41|6|3|4|6,73661.5,1,10,fresh,candidate_ready
84,1780044719646155111,BTC,hl-66959ecb09e941cab61b020ac1e06419,1,129,1780044718954485060,1780044718633000000,691.670051,false,false,false,73661.0,73662.0,73661.0|73660.0|73659.0|73658.0|73657.0,73662.0|73663.0|73664.0|73665.0|73666.0,2.53041|0.06184|0.00017|0.36876|0.90551,13.66898|3.53486|1.02232|2.46547|2.95898,7|5|1|6|3,41|6|3|4|6,73661.5,1,10,warm,candidate_ready
85,1780044720146155111,BTC,hl-66959ecb09e941cab61b020ac1e06419,1,131,1780044720090673851,1780044719724000000,55.481260,false,false,false,73661.0,73662.0,73661.0|73660.0|73659.0|73658.0|73657.0,73662.0|73663.0|73664.0|73665.0|73666.0,3.76425|0.92456|0.00017|0.74825|0.22601,10.97531|2.85677|1.02232|1.78601|3.01477,8|9|1|6|2,35|6|3|3|7,73661.5,1,10,fresh,candidate_ready
86,1780044720646155111,BTC,hl-66959ecb09e941cab61b020ac1e06419,1,131,1780044720090673851,1780044719724000000,555.481260,false,false,false,73661.0,73662.0,73661.0|73660.0|73659.0|73658.0|73657.0,73662.0|73663.0|73664.0|73665.0|73666.0,3.76425|0.92456|0.00017|0.74825|0.22601,10.97531|2.85677|1.02232|1.78601|3.01477,8|9|1|6|2,35|6|3|3|7,73661.5,1,10,warm,candidate_ready
87,1780044721146155111,BTC,hl-66959ecb09e941cab61b020ac1e06419,1,134,1780044721132493571,1780044720770000000,13.661540,false,false,false,73661.0,73662.0,73661.0|73660.0|73659.0|73658.0|73657.0,73662.0|73663.0|73664.0|73665.0|73666.0,15.17623|3.32321|5.6867|0.35484|0.79852,0.00695|0.00017|0.0029|0.00017|0.00037,40|11|6|6|3,2|1|3|1|2,73661.5,1,10,fresh,candidate_ready
88,1780044721646155111,BTC,hl-66959ecb09e941cab61b020ac1e06419,1,134,1780044721132493571,1780044720770000000,513.661540,false,false,false,73661.0,73662.0,73661.0|73660.0|73659.0|73658.0|73657.0,73662.0|73663.0|73664.0|73665.0|73666.0,15.17623|3.32321|5.6867|0.35484|0.79852,0.00695|0.00017|0.0029|0.00017|0.00037,40|11|6|6|3,2|1|3|1|2,73661.5,1,10,warm,candidate_ready
89,1780044722146155111,BTC,hl-66959ecb09e941cab61b020ac1e06419,1,138,1780044721677189418,1780044721303000000,468.965693,false,false,false,73664.0,73665.0,73664.0|73663.0|73662.0|73661.0|73660.0,73665.0|73666.0|73667.0|73668.0|73669.0,0.2596|18.17863|15.49731|15.67966|17.93541,0.00017|0.00037|0.00038|0.00037|0.00358,2|136|130|46|13,1|2|2|2|4,73664.5,1,10,warm,candidate_ready
90,1780044722646155111,BTC,hl-66959ecb09e941cab61b020ac1e06419,1,139,1780044722158728794,1780044721807000000,487.426317,false,false,false,73664.0,73665.0,73664.0|73663.0|73662.0|73661.0|73660.0,73665.0|73666.0|73667.0|73668.0|73669.0,39.76429|10.60654|6.63832|4.24385|17.83503,0.00017|0.00037|0.00038|0.00051|0.00358,209|34|28|21|10,1|2|2|3|4,73664.5,1,10,warm,candidate_ready
91,1780044723146155111,BTC,hl-66959ecb09e941cab61b020ac1e06419,1,140,1780044722668607241,1780044722334000000,477.547870,false,false,false,73664.0,73665.0,73664.0|73663.0|73662.0|73661.0|73660.0,73665.0|73666.0|73667.0|73668.0|73669.0,32.64577|13.22656|2.22062|3.96892|17.90756,0.00017|0.00051|0.00038|0.00051|0.00358,108|17|10|17|10,1|3|2|3|4,73664.5,1,10,warm,candidate_ready
92,1780044723646155111,BTC,hl-66959ecb09e941cab61b020ac1e06419,1,142,1780044723187112331,1780044722873000000,459.042780,false,false,false,73673.0,73674.0,73673.0|73672.0|73671.0|73670.0|73669.0,73674.0|73675.0|73676.0|73677.0|73678.0,11.05094|9.96294|11.13807|6.7838|9.66037,1.02003|0.32189|0.48591|1.51876|1.41858,81|70|86|67|70,4|5|3|6|5,73673.5,1,10,warm,candidate_ready
93,1780044724146155111,BTC,hl-66959ecb09e941cab61b020ac1e06419,1,143,1780044723721263219,1780044723414000000,424.891892,false,false,false,73673.0,73674.0,73673.0|73672.0|73671.0|73670.0|73669.0,73674.0|73675.0|73676.0|73677.0|73678.0,13.39369|1.47053|5.11954|0.45283|2.67405,3.09901|0.22303|0.49948|1.51869|1.56858,59|6|4|2|2,8|5|4|6|6,73673.5,1,10,warm,candidate_ready
94,1780044724646155111,BTC,hl-66959ecb09e941cab61b020ac1e06419,1,143,1780044723721263219,1780044723414000000,924.891892,false,false,false,73673.0,73674.0,73673.0|73672.0|73671.0|73670.0|73669.0,73674.0|73675.0|73676.0|73677.0|73678.0,13.39369|1.47053|5.11954|0.45283|2.67405,3.09901|0.22303|0.49948|1.51869|1.56858,59|6|4|2|2,8|5|4|6|6,73673.5,1,10,warm,candidate_ready
95,1780044725146155111,BTC,hl-66959ecb09e941cab61b020ac1e06419,1,145,1780044725038821982,1780044724475000000,107.333129,false,false,false,73673.0,73674.0,73673.0|73672.0|73671.0|73670.0|73669.0,73674.0|73675.0|73676.0|73677.0|73678.0,12.25894|3.27077|3.06927|0.45283|1.39527,3.09901|0.22303|0.00923|1.03382|0.17731,48|8|6|2|5,8|5|4|4|4,73673.5,1,10,fresh,candidate_ready
96,1780044725646155111,BTC,hl-66959ecb09e941cab61b020ac1e06419,1,147,1780044725476832585,1780044725012000000,169.322526,false,false,false,73673.0,73674.0,73673.0|73672.0|73671.0|73670.0|73669.0,73674.0|73675.0|73676.0|73677.0|73678.0,12.26094|2.20378|2.98927|1.47191|2.71407,3.23338|0.22303|0.00923|1.03403|0.17731,49|7|2|3|4,7|5|4|5|4,73673.5,1,10,fresh,candidate_ready
97,1780044726146155111,BTC,hl-66959ecb09e941cab61b020ac1e06419,1,149,1780044725896555752,1780044725573000000,249.599359,false,false,false,73673.0,73674.0,73673.0|73672.0|73671.0|73670.0|73669.0,73674.0|73675.0|73676.0|73677.0|73678.0,11.65868|2.20378|1.63065|2.83068|2.67407,3.24033|0.22303|0.62827|1.03403|0.17731,48|7|2|4|2,9|5|6|5|4,73673.5,1,10,fresh,candidate_ready
98,1780044726646155111,BTC,hl-66959ecb09e941cab61b020ac1e06419,1,150,1780044726419263654,1780044726107000000,226.891457,false,false,false,73673.0,73674.0,73673.0|73672.0|73671.0|73670.0|73669.0,73674.0|73675.0|73676.0|73677.0|73678.0,11.65868|2.20378|1.63065|2.83089|2.67407,3.09782|0.22303|0.62827|1.03403|0.17731,48|7|2|5|2,7|5|6|5|4,73673.5,1,10,fresh,candidate_ready
99,1780044727146155111,BTC,hl-66959ecb09e941cab61b020ac1e06419,1,151,1780044726966204305,1780044726634000000,179.950806,false,false,false,73673.0,73674.0,73673.0|73672.0|73671.0|73670.0|73669.0,73674.0|73675.0|73676.0|73677.0|73678.0,11.65668|2.20378|1.63065|2.83089|2.67407,2.63872|0.22303|0.62827|1.03403|0.17731,47|7|2|5|2,9|5|6|5|4,73673.5,1,10,fresh,candidate_ready
100,1780044727646155111,BTC,hl-66959ecb09e941cab61b020ac1e06419,1,152,1780044727483096765,1780044727180000000,163.058346,false,false,false,73673.0,73674.0,73673.0|73672.0|73671.0|73670.0|73669.0,73674.0|73675.0|73676.0|73677.0|73678.0,11.65668|2.20378|1.63065|2.83089|2.67407,2.21503|0.22303|0.62827|1.03403|0.17731,47|7|2|5|2,8|5|6|5|4,73673.5,1,10,fresh,candidate_ready
101,1780044728146155111,BTC,hl-66959ecb09e941cab61b020ac1e06419,1,153,1780044728023534201,1780044727744000000,122.620910,false,false,false,73673.0,73674.0,73673.0|73672.0|73671.0|73670.0|73669.0,73674.0|73675.0|73676.0|73677.0|73678.0,11.65871|2.20378|1.63065|2.83089|2.67407,2.21503|0.22303|0.62827|1.03403|0.17731,48|7|2|5|2,8|5|6|5|4,73673.5,1,10,fresh,candidate_ready
102,1780044728646155111,BTC,hl-66959ecb09e941cab61b020ac1e06419,1,156,1780044728604478885,1780044728291000000,41.676226,false,false,false,73673.0,73674.0,73673.0|73672.0|73671.0|73670.0|73669.0,73674.0|73675.0|73676.0|73677.0|73678.0,10.1324|2.63062|1.63065|2.83089|2.67407,2.21503|0.22303|0.62827|1.03403|0.17731,46|8|2|5|2,8|5|6|5|4,73673.5,1,10,fresh,candidate_ready
103,1780044729146155111,BTC,hl-66959ecb09e941cab61b020ac1e06419,1,156,1780044728604478885,1780044728291000000,541.676226,false,false,false,73673.0,73674.0,73673.0|73672.0|73671.0|73670.0|73669.0,73674.0|73675.0|73676.0|73677.0|73678.0,10.1324|2.63062|1.63065|2.83089|2.67407,2.21503|0.22303|0.62827|1.03403|0.17731,46|8|2|5|2,8|5|6|5|4,73673.5,1,10,warm,candidate_ready
104,1780044729646155111,BTC,hl-66959ecb09e941cab61b020ac1e06419,1,157,1780044729519801839,1780044728827000000,126.353272,false,false,false,73673.0,73674.0,73673.0|73672.0|73671.0|73670.0|73669.0,73674.0|73675.0|73676.0|73677.0|73678.0,10.1304|2.63062|0.00014|4.46141|2.67407,2.21503|0.22303|0.01182|1.03403|0.17731,45|8|1|6|2,8|5|5|5|4,73673.5,1,10,fresh,candidate_ready
105,1780044730146155111,BTC,hl-66959ecb09e941cab61b020ac1e06419,1,158,1780044730066966728,1780044729339000000,79.188383,false,false,false,73673.0,73674.0,73673.0|73672.0|73670.0|73669.0|73668.0,73674.0|73675.0|73676.0|73677.0|73678.0,10.1304|2.63062|4.46141|2.67407|1.57102,2.21503|0.22303|0.01182|1.03403|0.17731,45|8|6|2|5,8|5|5|5|4,73673.5,1,10,fresh,candidate_ready
106,1780044730646155111,BTC,hl-66959ecb09e941cab61b020ac1e06419,1,159,1780044730301265603,1780044729878000000,344.889508,false,false,false,73673.0,73674.0,73673.0|73672.0|73670.0|73669.0|73668.0,73674.0|73675.0|73676.0|73677.0|73678.0,10.1324|2.63062|4.46141|2.67407|1.57102,2.21503|0.22303|0.68036|1.03403|0.17731,46|8|6|2|5,8|5|6|5|4,73673.5,1,10,warm,candidate_ready
107,1780044731146155111,BTC,hl-66959ecb09e941cab61b020ac1e06419,1,161,1780044730697834791,1780044730418000000,448.320320,false,false,false,73673.0,73674.0,73673.0|73672.0|73670.0|73669.0|73668.0,73674.0|73675.0|73676.0|73677.0|73678.0,10.13224|2.63062|4.46155|2.67407|1.57102,2.21465|0.22303|0.68036|1.03403|0.17731,46|8|7|2|5,8|5|6|5|4,73673.5,1,10,warm,candidate_ready
108,1780044731646155111,BTC,hl-66959ecb09e941cab61b020ac1e06419,1,162,1780044731240271742,1780044730953000000,405.883369,false,false,false,73673.0,73674.0,73673.0|73672.0|73670.0|73669.0|73668.0,73674.0|73675.0|73676.0|73677.0|73678.0,10.12821|2.63062|4.46154|2.67407|1.57102,2.21465|0.22303|0.65565|1.03403|0.17731,44|8|7|2|5,8|5|6|5|4,73673.5,1,10,warm,candidate_ready
109,1780044732146155111,BTC,hl-66959ecb09e941cab61b020ac1e06419,1,164,1780044731794951968,1780044731489000000,351.203143,false,false,false,73673.0,73674.0,73673.0|73672.0|73670.0|73669.0|73668.0,73674.0|73675.0|73676.0|73677.0|73678.0,10.12795|2.63062|4.46154|2.67407|1.57102,2.21465|0.22303|0.65565|1.03403|0.17731,45|8|7|2|5,8|5|6|5|4,73673.5,1,10,warm,candidate_ready
110,1780044732646155111,BTC,hl-66959ecb09e941cab61b020ac1e06419,1,166,1780044732404690472,1780044732078000000,241.464639,false,false,false,73673.0,73674.0,73673.0|73672.0|73670.0|73669.0|73668.0,73674.0|73675.0|73676.0|73677.0|73678.0,8.68317|2.63062|4.46154|2.67407|1.57102,2.35038|0.18031|0.65565|1.03403|0.17731,40|8|7|2|5,9|4|6|5|4,73673.5,1,10,fresh,candidate_ready
111,1780044733146155111,BTC,hl-66959ecb09e941cab61b020ac1e06419,1,168,1780044732874880078,1780044732562000000,271.275033,false,false,false,73673.0,73674.0,73673.0|73672.0|73671.0|73670.0|73669.0,73674.0|73675.0|73676.0|73677.0|73678.0,8.68071|2.63062|2.98924|1.47225|2.67407,2.21465|0.18031|0.65565|1.03403|0.17731,40|8|2|5|2,8|4|6|5|4,73673.5,1,10,warm,candidate_ready
112,1780044733646155111,BTC,hl-66959ecb09e941cab61b020ac1e06419,1,169,1780044733349239357,1780044733089000000,296.915754,false,false,false,73673.0,73674.0,73673.0|73672.0|73671.0|73670.0|73669.0,73674.0|73675.0|73676.0|73677.0|73678.0,8.68071|2.63062|1.63049|2.83102|2.67407,2.21465|0.18031|0.65565|1.03403|0.17731,40|8|1|6|2,8|4|6|5|4,73673.5,1,10,warm,candidate_ready
113,1780044734146155111,BTC,hl-66959ecb09e941cab61b020ac1e06419,1,170,1780044733956688093,1780044733638000000,189.467018,false,false,false,73673.0,73674.0,73673.0|73672.0|73671.0|73670.0|73669.0,73674.0|73675.0|73676.0|73677.0|73678.0,8.68071|2.63062|1.63063|2.83102|2.67407,2.21465|0.18031|0.65565|1.03403|0.17731,40|8|2|6|2,8|4|6|5|4,73673.5,1,10,fresh,candidate_ready
114,1780044734646155111,BTC,hl-66959ecb09e941cab61b020ac1e06419,1,170,1780044733956688093,1780044733638000000,689.467018,false,false,false,73673.0,73674.0,73673.0|73672.0|73671.0|73670.0|73669.0,73674.0|73675.0|73676.0|73677.0|73678.0,8.68071|2.63062|1.63063|2.83102|2.67407,2.21465|0.18031|0.65565|1.03403|0.17731,40|8|2|6|2,8|4|6|5|4,73673.5,1,10,warm,candidate_ready
115,1780044735146155111,BTC,hl-66959ecb09e941cab61b020ac1e06419,1,172,1780044734974753405,1780044734677000000,171.401706,false,false,false,73673.0,73674.0,73673.0|73672.0|73670.0|73669.0|73668.0,73674.0|73675.0|73676.0|73677.0|73678.0,8.67868|2.63062|4.4614|2.67407|1.57102,2.09254|0.18031|0.65565|1.03403|0.17731,39|8|6|2|5,7|4|6|5|4,73673.5,1,10,fresh,candidate_ready
116,1780044735646155111,BTC,hl-66959ecb09e941cab61b020ac1e06419,1,173,1780044735523336324,1780044735202000000,122.818787,false,false,false,73673.0,73674.0,73673.0|73672.0|73670.0|73669.0|73668.0,73674.0|73675.0|73676.0|73677.0|73678.0,8.67868|2.63062|4.46154|2.67407|1.57102,2.09254|0.18031|0.65565|1.03403|0.17731,39|8|7|2|5,7|4|6|5|4,73673.5,1,10,fresh,candidate_ready
117,1780044736146155111,BTC,hl-66959ecb09e941cab61b020ac1e06419,1,174,1780044736046929161,1780044735765000000,99.225950,false,false,false,73673.0,73674.0,73673.0|73672.0|73670.0|73669.0|73668.0,73674.0|73675.0|73676.0|73677.0|73678.0,8.68071|2.63062|4.46154|2.67407|1.57102,2.09662|0.18031|0.65565|1.03403|0.17731,40|8|7|2|5,8|4|6|5|4,73673.5,1,10,fresh,candidate_ready
118,1780044736646155111,BTC,hl-66959ecb09e941cab61b020ac1e06419,1,176,1780044736597517436,1780044736292000000,48.637675,false,false,false,73673.0,73674.0,73673.0|73672.0|73671.0|73670.0|73669.0,73674.0|73675.0|73676.0|73677.0|73678.0,8.68071|2.63062|1.6305|2.83102|2.67407,2.09562|0.18031|0.01182|1.03403|0.17731,40|8|1|6|2,8|4|5|5|4,73673.5,1,10,fresh,candidate_ready
119,1780044737146155111,BTC,hl-66959ecb09e941cab61b020ac1e06419,1,176,1780044736597517436,1780044736292000000,548.637675,false,false,false,73673.0,73674.0,73673.0|73672.0|73671.0|73670.0|73669.0,73674.0|73675.0|73676.0|73677.0|73678.0,8.68071|2.63062|1.6305|2.83102|2.67407,2.09562|0.18031|0.01182|1.03403|0.17731,40|8|1|6|2,8|4|5|5|4,73673.5,1,10,warm,candidate_ready
120,1780044737646155111,BTC,hl-66959ecb09e941cab61b020ac1e06419,1,177,1780044737187282443,1780044736842000000,458.872668,false,false,false,73673.0,73674.0,73673.0|73672.0|73671.0|73670.0|73669.0,73674.0|73675.0|73676.0|73677.0|73678.0,8.68071|2.63062|1.63063|2.83102|2.67407,2.09154|0.18031|0.64392|1.03403|0.17731,40|8|2|6|2,7|4|6|5|4,73673.5,1,10,warm,candidate_ready
121,1780044738146155111,BTC,hl-66959ecb09e941cab61b020ac1e06419,1,178,1780044737708201280,1780044737388000000,437.953831,false,false,false,73673.0,73674.0,73673.0|73672.0|73671.0|73670.0|73669.0,73674.0|73675.0|73676.0|73677.0|73678.0,8.68071|2.63062|0.00014|4.4614|2.67407,2.09154|0.18031|0.01182|1.03403|0.17731,40|8|1|6|2,7|4|5|5|4,73673.5,1,10,warm,candidate_ready
122,1780044738646155111,BTC,hl-66959ecb09e941cab61b020ac1e06419,1,180,1780044738216741791,1780044737922000000,429.413320,false,false,false,73673.0,73674.0,73673.0|73672.0|73671.0|73670.0|73669.0,73674.0|73675.0|73676.0|73677.0|73678.0,8.68071|2.63062|1.6305|2.83088|2.67407,2.22721|0.18031|0.01182|1.03403|0.17731,40|8|1|5|2,9|4|5|5|4,73673.5,1,10,warm,candidate_ready
123,1780044739146155111,BTC,hl-66959ecb09e941cab61b020ac1e06419,1,181,1780044738760736191,1780044738457000000,385.418920,false,false,false,73673.0,73674.0,73673.0|73672.0|73671.0|73670.0|73669.0,73674.0|73675.0|73676.0|73677.0|73678.0,8.68071|2.63062|0.00014|4.46154|1.3588,2.23399|0.18031|0.01182|1.03403|0.17731,40|8|1|7|1,10|4|5|5|4,73673.5,1,10,warm,candidate_ready
124,1780044739646155111,BTC,hl-66959ecb09e941cab61b020ac1e06419,1,181,1780044738760736191,1780044738457000000,885.418920,false,false,false,73673.0,73674.0,73673.0|73672.0|73671.0|73670.0|73669.0,73674.0|73675.0|73676.0|73677.0|73678.0,8.68071|2.63062|0.00014|4.46154|1.3588,2.23399|0.18031|0.01182|1.03403|0.17731,40|8|1|7|1,10|4|5|5|4,73673.5,1,10,warm,candidate_ready
125,1780044740146155111,BTC,hl-66959ecb09e941cab61b020ac1e06419,1,184,1780044740136508056,1780044739527000000,9.647055,false,false,false,73673.0,73674.0,73673.0|73672.0|73670.0|73669.0|73668.0,73674.0|73675.0|73676.0|73677.0|73678.0,8.67852|2.63062|2.08356|2.37787|1.33861,2.22721|0.18031|0.71716|1.03403|0.85663,39|8|4|2|3,9|4|6|5|5,73673.5,1,10,fresh,candidate_ready
126,1780044740646155111,BTC,hl-66959ecb09e941cab61b020ac1e06419,1,185,1780044740427275953,1780044740064000000,218.879158,false,false,false,73673.0,73674.0,73673.0|73672.0|73670.0|73669.0|73668.0,73674.0|73675.0|73676.0|73677.0|73678.0,8.67852|2.20378|2.0837|3.73665|1.33861,0.92414|0.18031|0.71716|1.03403|0.17731,39|7|5|3|3,8|4|6|5|4,73673.5,1,10,fresh,candidate_ready
127,1780044741146155111,BTC,hl-66959ecb09e941cab61b020ac1e06419,1,187,1780044740928306664,1780044740626000000,217.848447,false,false,false,73673.0,73674.0,73673.0|73672.0|73671.0|73670.0|73669.0,73674.0|73675.0|73676.0|73677.0|73678.0,8.67852|2.20378|1.35876|2.0837|2.37788,1.06462|0.18031|0.01182|1.78781|1.56179,39|7|1|5|2,10|4|5|6|5,73673.5,1,10,fresh,candidate_ready
128,1780044741646155111,BTC,hl-66959ecb09e941cab61b020ac1e06419,1,189,1780044741545401148,1780044741163000000,100.753963,false,false,false,73673.0,73674.0,73673.0|73672.0|73671.0|73670.0|73669.0,73674.0|73675.0|73676.0|73677.0|73678.0,7.28819|2.20378|2.37796|2.0837|1.3588,0.91957|0.85896|0.01182|1.58504|1.56179,28|7|3|5|1,8|5|5|6|5,73673.5,1,10,fresh,candidate_ready
129,1780044742146155111,BTC,hl-66959ecb09e941cab61b020ac1e06419,1,190,1780044742101042508,1780044741725000000,45.112603,false,false,false,73673.0,73674.0,73673.0|73672.0|73671.0|73670.0|73669.0,73674.0|73675.0|73676.0|73677.0|73678.0,12.22414|2.47991|3.39742|3.24285|0.0888,0.07422|0.67896|0.01082|0.00746|0.00017,43|7|4|5|1,2|3|4|4|1,73673.5,1,10,fresh,candidate_ready
130,1780044742646155111,BTC,hl-66959ecb09e941cab61b020ac1e06419,1,192,1780044742567723034,1780044742256000000,78.432077,false,false,false,73673.0,73674.0,73673.0|73672.0|73671.0|73670.0|73669.0,73674.0|73675.0|73676.0|73677.0|73678.0,12.08766|2.77513|2.37835|3.39796|1.10787,0.07422|0.67896|0.01082|0.00746|0.00017,42|8|3|6|2,2|3|4|4|1,73673.5,1,10,fresh,candidate_ready
131,1780044743146155111,BTC,hl-66959ecb09e941cab61b020ac1e06419,1,192,1780044742567723034,1780044742256000000,578.432077,false,false,false,73673.0,73674.0,73673.0|73672.0|73671.0|73670.0|73669.0,73674.0|73675.0|73676.0|73677.0|73678.0,12.08766|2.77513|2.37835|3.39796|1.10787,0.07422|0.67896|0.01082|0.00746|0.00017,42|8|3|6|2,2|3|4|4|1,73673.5,1,10,warm,candidate_ready
132,1780044743646155111,BTC,hl-66959ecb09e941cab61b020ac1e06419,1,193,1780044743227227769,1780044742805000000,418.927342,false,false,false,73673.0,73674.0,73673.0|73672.0|73671.0|73670.0|73669.0,73674.0|73675.0|73676.0|73677.0|73678.0,12.08766|2.77513|2.37835|3.39796|2.75595,0.07422|0.67896|0.01082|0.00068|0.00017,42|8|3|6|3,2|3|4|3|1,73673.5,1,10,warm,candidate_ready
133,1780044744146155111,BTC,hl-66959ecb09e941cab61b020ac1e06419,1,194,1780044743682124261,1780044743358000000,464.030850,false,false,false,73673.0,73674.0,73673.0|73672.0|73671.0|73670.0|73669.0,73674.0|73675.0|73676.0|73677.0|73678.0,9.70989|5.15292|2.37835|0.95215|2.75595,0.07422|0.67896|0.01082|0.00068|0.00017,40|10|3|5|3,2|3|4|3|1,73673.5,1,10,warm,candidate_ready
134,1780044744646155111,BTC,hl-66959ecb09e941cab61b020ac1e06419,1,194,1780044743682124261,1780044743358000000,964.030850,false,false,false,73673.0,73674.0,73673.0|73672.0|73671.0|73670.0|73669.0,73674.0|73675.0|73676.0|73677.0|73678.0,9.70989|5.15292|2.37835|0.95215|2.75595,0.07422|0.67896|0.01082|0.00068|0.00017,40|10|3|5|3,2|3|4|3|1,73673.5,1,10,warm,candidate_ready
135,1780044745146155111,BTC,hl-66959ecb09e941cab61b020ac1e06419,1,195,1780044744737533893,1780044743893000000,408.621218,false,false,false,73673.0,73674.0,73673.0|73672.0|73671.0|73670.0|73669.0,73674.0|73675.0|73676.0|73677.0|73678.0,9.70989|5.15292|2.37835|0.95215|2.75595,0.07422|0.67896|0.01082|0.00068|0.00017,40|10|3|5|3,2|3|4|3|1,73673.5,1,10,warm,candidate_ready
136,1780044745646155111,BTC,hl-66959ecb09e941cab61b020ac1e06419,1,197,1780044745426196972,1780044744993000000,219.958139,false,false,false,73673.0,73674.0,73673.0|73672.0|73671.0|73670.0|73669.0,73674.0|73675.0|73676.0|73677.0|73678.0,7.98042|5.23526|2.37837|1.97122|3.09568,1.4389|0.67896|0.01082|0.00746|0.00017,38|8|3|6|3,10|3|4|4|1,73673.5,1,10,fresh,candidate_ready
137,1780044746146155111,BTC,hl-66959ecb09e941cab61b020ac1e06419,1,200,1780044745830002227,1780044745534000000,316.152884,false,false,false,73673.0,73674.0,73673.0|73672.0|73671.0|73670.0|73669.0,73674.0|73675.0|73676.0|73677.0|73678.0,7.72123|5.23526|2.37837|1.97122|3.09568,0.9864|0.67896|0.01082|0.00746|0.00017,35|8|3|6|3,6|3|4|4|1,73673.5,1,10,warm,candidate_ready
138,1780044746646155111,BTC,hl-66959ecb09e941cab61b020ac1e06419,1,201,1780044746396181691,1780044746070000000,249.973420,false,false,false,73673.0,73674.0,73673.0|73672.0|73671.0|73670.0|73669.0,73674.0|73675.0|73676.0|73677.0|73678.0,7.72123|5.23575|2.37837|1.97122|3.09568,0.9864|0.67896|0.01082|0.00068|0.00017,35|9|3|6|3,6|3|4|3|1,73673.5,1,10,fresh,candidate_ready
139,1780044747146155111,BTC,hl-66959ecb09e941cab61b020ac1e06419,1,202,1780044746942370943,1780044746619000000,203.784168,false,false,false,73673.0,73674.0,73673.0|73672.0|73671.0|73670.0|73669.0,73674.0|73675.0|73676.0|73677.0|73678.0,7.72123|5.23575|2.37837|1.97122|3.09568,0.9864|0.67896|0.01082|0.00068|0.00017,35|9|3|6|3,6|3|4|3|1,73673.5,1,10,fresh,candidate_ready
140,1780044747646155111,BTC,hl-66959ecb09e941cab61b020ac1e06419,1,204,1780044747467397736,1780044747161000000,178.757375,false,false,false,73673.0,73674.0,73673.0|73672.0|73671.0|73670.0|73669.0,73674.0|73675.0|73676.0|73677.0|73678.0,7.6795|5.23576|1.01961|2.31093|3.09568,0.4456|1.08615|0.00823|0.00746|0.00017,33|9|2|6|3,4|4|3|4|1,73673.5,1,10,fresh,candidate_ready
141,1780044748146155111,BTC,hl-66959ecb09e941cab61b020ac1e06419,1,206,1780044748001161781,1780044747682000000,144.993330,false,false,false,73673.0,73674.0,73673.0|73672.0|73671.0|73670.0|73669.0,73674.0|73675.0|73676.0|73677.0|73678.0,7.37948|3.12836|1.01961|0.95215|4.7262,0.58571|1.08615|0.01082|0.00746|0.00017,31|8|2|5|4,5|4|4|4|1,73673.5,1,10,fresh,candidate_ready
142,1780044748646155111,BTC,hl-66959ecb09e941cab61b020ac1e06419,1,207,1780044748527960500,1780044748215000000,118.194611,false,false,false,73673.0,73674.0,73673.0|73672.0|73671.0|73670.0|73669.0,73674.0|73675.0|73676.0|73677.0|73678.0,6.40748|3.12836|1.01961|0.95215|4.7262,0.58571|1.08615|0.01082|0.00068|0.38355,26|8|2|5|4,5|4|4|3|2,73673.5,1,10,fresh,candidate_ready
143,1780044749146155111,BTC,hl-66959ecb09e941cab61b020ac1e06419,1,208,1780044749061963085,1780044748770000000,84.192026,false,false,false,73673.0,73674.0,73673.0|73672.0|73671.0|73670.0|73669.0,73674.0|73675.0|73676.0|73677.0|73678.0,6.40748|3.12836|1.01961|0.95215|3.36742,0.58571|0.67896|0.01082|0.97488|0.00017,26|8|2|5|3,5|3|4|5|1,73673.5,1,10,fresh,candidate_ready
144,1780044749646155111,BTC,hl-66959ecb09e941cab61b020ac1e06419,1,208,1780044749061963085,1780044748770000000,584.192026,false,false,false,73673.0,73674.0,73673.0|73672.0|73671.0|73670.0|73669.0,73674.0|73675.0|73676.0|73677.0|73678.0,6.40748|3.12836|1.01961|0.95215|3.36742,0.58571|0.67896|0.01082|0.97488|0.00017,26|8|2|5|3,5|3|4|5|1,73673.5,1,10,warm,candidate_ready
145,1780044750146155111,BTC,hl-66959ecb09e941cab61b020ac1e06419,1,210,1780044749969433272,1780044749316000000,176.721839,false,false,false,73673.0,73674.0,73673.0|73672.0|73671.0|73670.0|73669.0,73674.0|73675.0|73676.0|73677.0|73678.0,5.4902|3.12836|1.01961|0.95215|4.7262,0.58571|1.08615|0.49912|0.00068|0.00017,20|8|2|5|4,5|4|5|3|1,73673.5,1,10,fresh,candidate_ready
146,1780044750646155111,BTC,hl-66959ecb09e941cab61b020ac1e06419,1,211,1780044750192822600,1780044749833000000,453.332511,false,false,false,73673.0,73674.0,73673.0|73672.0|73671.0|73670.0|73669.0,73674.0|73675.0|73676.0|73677.0|73678.0,5.98115|3.12836|1.01961|0.95215|1.73688,0.58571|0.67896|0.49912|0.00746|0.54502,24|8|2|5|2,5|3|5|4|2,73673.5,1,10,warm,candidate_ready
147,1780044751146155111,BTC,hl-66959ecb09e941cab61b020ac1e06419,1,212,1780044750721515005,1780044750381000000,424.640106,false,false,false,73673.0,73674.0,73673.0|73672.0|73671.0|73670.0|73669.0,73674.0|73675.0|73676.0|73677.0|73678.0,6.98357|2.75618|1.01961|0.95215|3.36743,0.58571|1.08615|0.01082|0.00068|0.34224,31|8|2|5|3,5|4|4|3|2,73673.5,1,10,warm,candidate_ready
148,1780044751646155111,BTC,hl-66959ecb09e941cab61b020ac1e06419,1,213,1780044751297182858,1780044750905000000,348.972253,false,false,false,73673.0,73674.0,73673.0|73672.0|73671.0|73670.0|73669.0,73674.0|73675.0|73676.0|73677.0|73678.0,5.9319|2.75618|2.65013|2.31093|1.73688,0.21398|0.67896|0.0176|0.00068|0.50128,24|8|3|6|2,3|3|5|3|3,73673.5,1,10,warm,candidate_ready
149,1780044752146155111,BTC,hl-66959ecb09e941cab61b020ac1e06419,1,215,1780044751773260270,1780044751458000000,372.894841,false,false,false,73673.0,73674.0,73673.0|73672.0|73671.0|73670.0|73669.0,73674.0|73675.0|73676.0|73677.0|73678.0,5.97008|2.75618|2.65013|3.33002|3.09567,0.33053|0.67896|0.01082|0.00068|0.00017,25|8|3|7|3,4|3|4|3|1,73673.5,1,10,warm,candidate_ready
150,1780044752646155111,BTC,hl-66959ecb09e941cab61b020ac1e06419,1,216,1780044752325464488,1780044751989000000,320.690623,false,false,false,73673.0,73674.0,73673.0|73672.0|73671.0|73670.0|73669.0,73674.0|73675.0|73676.0|73677.0|73678.0,5.97008|2.75618|2.65013|3.33002|3.09567,2.12263|0.67896|0.01082|0.00068|0.00017,25|8|3|7|3,13|3|4|3|1,73673.5,1,10,warm,candidate_ready
151,1780044753146155111,BTC,hl-66959ecb09e941cab61b020ac1e06419,1,217,1780044752834831550,1780044752540000000,311.323561,false,false,false,73673.0,73674.0,73673.0|73672.0|73671.0|73670.0|73669.0,73674.0|73675.0|73676.0|73677.0|73678.0,5.97008|2.75618|2.65013|3.33002|3.09567,2.12283|0.67896|0.0176|0.00068|0.00017,25|8|3|7|3,14|3|5|3|1,73673.5,1,10,warm,candidate_ready
152,1780044753646155111,BTC,hl-66959ecb09e941cab61b020ac1e06419,1,219,1780044753502664055,1780044753055000000,143.491056,false,false,false,73673.0,73674.0,73673.0|73672.0|73671.0|73670.0|73669.0,73674.0|73675.0|73676.0|73677.0|73678.0,5.97008|2.75618|2.65013|3.33002|3.09567,0.0002|0.67896|0.01082|0.00068|0.00017,25|8|3|7|3,1|3|4|3|1,73673.5,1,10,fresh,candidate_ready
153,1780044754146155111,BTC,hl-66959ecb09e941cab61b020ac1e06419,1,221,1780044753868760880,1780044753599000000,277.394231,false,false,false,73673.0,73674.0,73673.0|73672.0|73671.0|73670.0|73669.0,73674.0|73675.0|73676.0|73677.0|73678.0,4.90056|1.37481|2.65013|0.95215|4.11476,1.91486|0.67879|0.0176|0.00068|0.34224,21|6|3|5|4,12|2|5|3|2,73673.5,1,10,warm,candidate_ready
154,1780044754646155111,BTC,hl-66959ecb09e941cab61b020ac1e06419,1,221,1780044753868760880,1780044753599000000,777.394231,false,false,false,73673.0,73674.0,73673.0|73672.0|73671.0|73670.0|73669.0,73674.0|73675.0|73676.0|73677.0|73678.0,4.90056|1.37481|2.65013|0.95215|4.11476,1.91486|0.67879|0.0176|0.00068|0.34224,21|6|3|5|4,12|2|5|3|2,73673.5,1,10,warm,candidate_ready
155,1780044755146155111,BTC,hl-66959ecb09e941cab61b020ac1e06419,1,221,1780044753868760880,1780044753599000000,1277.394231,false,false,false,73673.0,73674.0,73673.0|73672.0|73671.0|73670.0|73669.0,73674.0|73675.0|73676.0|73677.0|73678.0,4.90056|1.37481|2.65013|0.95215|4.11476,1.91486|0.67879|0.0176|0.00068|0.34224,21|6|3|5|4,12|2|5|3|2,73673.5,1,10,stale,watch_only
156,1780044755646155111,BTC,hl-66959ecb09e941cab61b020ac1e06419,1,225,1780044755620532651,1780044755211000000,25.622460,false,false,false,73673.0,73674.0,73673.0|73672.0|73671.0|73670.0|73669.0,73674.0|73675.0|73676.0|73677.0|73678.0,4.88256|1.85898|1.01961|2.58267|3.09567,0.45109|0.67896|0.01082|0.68|0.34224,22|7|2|6|3,4|3|4|4|2,73673.5,1,10,fresh,candidate_ready
157,1780044756146155111,BTC,hl-66959ecb09e941cab61b020ac1e06419,1,227,1780044756075440484,1780044755772000000,70.714627,false,false,false,73673.0,73674.0,73673.0|73672.0|73671.0|73670.0|73669.0,73674.0|73675.0|73676.0|73677.0|73678.0,4.85728|1.37481|1.1081|0.95215|4.72621,0.61109|0.67896|0.0176|0.68|0.50128,20|6|3|5|4,5|3|5|4|3,73673.5,1,10,fresh,candidate_ready
158,1780044756646155111,BTC,hl-66959ecb09e941cab61b020ac1e06419,1,228,1780044756638876338,1780044756320000000,7.278773,false,false,false,73673.0,73674.0,73673.0|73672.0|73671.0|73670.0|73669.0,73674.0|73675.0|73676.0|73677.0|73678.0,4.87729|1.37481|1.1081|0.95215|3.36742,1.01828|0.67896|0.01082|0.68|0.50128,22|6|3|5|3,6|3|4|4|3,73673.5,1,10,fresh,candidate_ready
159,1780044757146155111,BTC,hl-66959ecb09e941cab61b020ac1e06419,1,228,1780044756638876338,1780044756320000000,507.278773,false,false,false,73673.0,73674.0,73673.0|73672.0|73671.0|73670.0|73669.0,73674.0|73675.0|73676.0|73677.0|73678.0,4.87729|1.37481|1.1081|0.95215|3.36742,1.01828|0.67896|0.01082|0.68|0.50128,22|6|3|5|3,6|3|4|4|3,73673.5,1,10,warm,candidate_ready
160,1780044757646155111,BTC,hl-66959ecb09e941cab61b020ac1e06419,1,231,1780044757174619202,1780044756853000000,471.535909,false,false,false,73673.0,73674.0,73673.0|73672.0|73671.0|73670.0|73669.0,73674.0|73675.0|73676.0|73677.0|73678.0,4.18362|1.37481|1.1081|0.95215|3.36742,1.01828|0.67896|0.01082|0.68|0.50128,20|6|3|5|3,6|3|4|4|3,73673.5,1,10,warm,candidate_ready
161,1780044758146155111,BTC,hl-66959ecb09e941cab61b020ac1e06419,1,232,1780044757771809488,1780044757395000000,374.345623,false,false,false,73673.0,73674.0,73673.0|73672.0|73671.0|73670.0|73669.0,73674.0|73675.0|73676.0|73677.0|73678.0,4.88256|1.37481|1.1081|0.95215|3.36742,1.19225|0.67896|0.0176|0.68|0.50128,22|6|3|5|3,8|3|5|4|3,73673.5,1,10,warm,candidate_ready
162,1780044758646155111,BTC,hl-66959ecb09e941cab61b020ac1e06419,1,233,1780044758225559815,1780044757931000000,420.595296,false,false,false,73673.0,73674.0,73673.0|73672.0|73671.0|73670.0|73669.0,73674.0|73675.0|73676.0|73677.0|73678.0,4.88256|1.37481|1.1081|0.95215|3.36742,0.61547|1.08615|0.0176|0.68|0.50128,22|6|3|5|3,6|4|5|4|3,73673.5,1,10,warm,candidate_ready
163,1780044759146155111,BTC,hl-66959ecb09e941cab61b020ac1e06419,1,235,1780044758777906668,1780044758467000000,368.248443,false,false,false,73673.0,73674.0,73673.0|73672.0|73671.0|73670.0|73669.0,73674.0|73675.0|73676.0|73677.0|73678.0,4.8824|1.37481|1.1081|0.95215|3.36742,0.61547|0.67896|0.01082|0.68|0.50128,22|6|3|5|3,6|3|4|4|3,73673.5,1,10,warm,candidate_ready
164,1780044759646155111,BTC,hl-66959ecb09e941cab61b020ac1e06419,1,235,1780044758777906668,1780044758467000000,868.248443,false,false,false,73673.0,73674.0,73673.0|73672.0|73671.0|73670.0|73669.0,73674.0|73675.0|73676.0|73677.0|73678.0,4.8824|1.37481|1.1081|0.95215|3.36742,0.61547|0.67896|0.01082|0.68|0.50128,22|6|3|5|3,6|3|4|4|3,73673.5,1,10,warm,candidate_ready
165,1780044760146155111,BTC,hl-66959ecb09e941cab61b020ac1e06419,1,236,1780044759670319437,1780044759002000000,475.835674,false,false,false,73673.0,73674.0,73673.0|73672.0|73671.0|73670.0|73669.0,73674.0|73675.0|73676.0|73677.0|73678.0,4.8824|1.37481|1.1081|0.95215|3.36742,0.61547|0.67896|0.01082|0.68|0.50128,22|6|3|5|3,6|3|4|4|3,73673.5,1,10,warm,candidate_ready
166,1780044760646155111,BTC,hl-66959ecb09e941cab61b020ac1e06419,1,239,1780044760334083470,1780044760066000000,312.071641,false,false,false,73673.0,73674.0,73673.0|73672.0|73671.0|73670.0|73669.0,73674.0|73675.0|73676.0|73677.0|73678.0,4.92091|1.37481|1.1081|2.31093|1.73688,0.61509|0.67896|0.01082|0.00068|0.50128,23|6|3|6|2,6|3|4|3|3,73673.5,1,10,warm,candidate_ready
167,1780044761146155111,BTC,hl-66959ecb09e941cab61b020ac1e06419,1,240,1780044760974116157,1780044760613000000,172.038954,false,false,false,73673.0,73674.0,73673.0|73672.0|73671.0|73670.0|73669.0,73674.0|73675.0|73676.0|73677.0|73678.0,4.88224|1.37481|1.1081|3.94145|1.73688,0.61509|0.67896|0.01082|0.00068|0.50128,22|6|3|7|2,6|3|4|3|3,73673.5,1,10,fresh,candidate_ready
168,1780044761646155111,BTC,hl-66959ecb09e941cab61b020ac1e06419,1,243,1780044761541828413,1780044761149000000,104.326698,false,false,false,73673.0,73674.0,73673.0|73672.0|73671.0|73670.0|73669.0,73674.0|73675.0|73676.0|73677.0|73678.0,3.4944|1.37481|1.1081|2.58267|3.09566,0.61509|1.08615|0.01082|0.00068|0.50128,8|6|3|6|3,6|4|4|3|3,73673.5,1,10,fresh,candidate_ready
169,1780044762146155111,BTC,hl-66959ecb09e941cab61b020ac1e06419,1,244,1780044762063912734,1780044761686000000,82.242377,false,false,false,73673.0,73674.0,73673.0|73672.0|73671.0|73670.0|73669.0,73674.0|73675.0|73676.0|73677.0|73678.0,5.9729|1.37481|2.46686|2.58267|1.73688,0.78468|1.08615|0.01082|0.00068|0.50128,31|6|4|6|2,7|4|4|3|3,73673.5,1,10,fresh,candidate_ready
170,1780044762646155111,BTC,hl-66959ecb09e941cab61b020ac1e06419,1,246,1780044762617233296,1780044762224000000,28.921815,false,false,false,73673.0,73674.0,73673.0|73672.0|73671.0|73670.0|73669.0,73674.0|73675.0|73676.0|73677.0|73678.0,5.9729|1.37481|1.1081|0.95215|4.72621,0.78396|0.67896|0.01082|0.68001|0.50128,31|6|3|5|4,7|3|4|4|3,73673.5,1,10,fresh,candidate_ready
171,1780044763146155111,BTC,hl-66959ecb09e941cab61b020ac1e06419,1,248,1780044763098026048,1780044762775000000,48.129063,false,false,false,73673.0,73674.0,73673.0|73672.0|73671.0|73670.0|73669.0,73674.0|73675.0|73676.0|73677.0|73678.0,4.41402|1.37481|1.1081|0.95215|3.36743,1.02156|0.67896|0.01082|0.68001|0.50128,20|6|3|5|3,7|3|4|4|3,73673.5,1,10,fresh,candidate_ready
172,1780044763646155111,BTC,hl-66959ecb09e941cab61b020ac1e06419,1,248,1780044763098026048,1780044762775000000,548.129063,false,false,false,73673.0,73674.0,73673.0|73672.0|73671.0|73670.0|73669.0,73674.0|73675.0|73676.0|73677.0|73678.0,4.41402|1.37481|1.1081|0.95215|3.36743,1.02156|0.67896|0.01082|0.68001|0.50128,20|6|3|5|3,7|3|4|4|3,73673.5,1,10,warm,candidate_ready
173,1780044764146155111,BTC,hl-66959ecb09e941cab61b020ac1e06419,1,249,1780044763665819122,1780044763310000000,480.335989,false,false,false,73673.0,73674.0,73673.0|73672.0|73671.0|73670.0|73669.0,73674.0|73675.0|73676.0|73677.0|73678.0,4.41402|1.37481|1.1081|0.95215|3.36743,0.61437|0.67896|0.01082|0.68001|0.50128,20|6|3|5|3,6|3|4|4|3,73673.5,1,10,warm,candidate_ready
174,1780044764646155111,BTC,hl-66959ecb09e941cab61b020ac1e06419,1,250,1780044764173403809,1780044763847000000,472.751302,false,false,false,73673.0,73674.0,73673.0|73672.0|73671.0|73670.0|73669.0,73674.0|73675.0|73676.0|73677.0|73678.0,4.41402|1.03082|1.1081|0.95215|3.36743,0.61437|0.67896|0.0176|0.68001|0.50128,20|5|3|5|3,6|3|5|4|3,73673.5,1,10,warm,candidate_ready
175,1780044765146155111,BTC,hl-66959ecb09e941cab61b020ac1e06419,1,250,1780044764173403809,1780044763847000000,972.751302,false,false,false,73673.0,73674.0,73673.0|73672.0|73671.0|73670.0|73669.0,73674.0|73675.0|73676.0|73677.0|73678.0,4.41402|1.03082|1.1081|0.95215|3.36743,0.61437|0.67896|0.0176|0.68001|0.50128,20|5|3|5|3,6|3|5|4|3,73673.5,1,10,warm,candidate_ready
176,1780044765646155111,BTC,hl-66959ecb09e941cab61b020ac1e06419,1,252,1780044765232509420,1780044764920000000,413.645691,false,false,false,73673.0,73674.0,73673.0|73672.0|73671.0|73670.0|73669.0,73674.0|73675.0|73676.0|73677.0|73678.0,4.41416|1.03082|1.4521|2.58269|4.72623,1.02156|0.67896|0.0176|0.68001|0.50128,21|5|4|6|4,7|3|5|4|3,73673.5,1,10,warm,candidate_ready
177,1780044766146155111,BTC,hl-66959ecb09e941cab61b020ac1e06419,1,253,1780044765860445819,1780044765466000000,285.709292,false,false,false,73673.0,73674.0,73673.0|73672.0|73671.0|73670.0|73669.0,73674.0|73675.0|73676.0|73677.0|73678.0,4.41416|1.50378|1.4521|0.95215|3.36744,0.78396|0.67896|0.01082|0.68001|0.50128,21|6|4|5|3,7|3|4|4|3,73673.5,1,10,warm,candidate_ready
178,1780044766646155111,BTC,hl-66959ecb09e941cab61b020ac1e06419,1,256,1780044766358327549,1780044766006000000,287.827562,false,false,false,73673.0,73674.0,73673.0|73672.0|73671.0|73670.0|73669.0,73674.0|73675.0|73676.0|73677.0|73678.0,3.94589|1.50378|1.4521|0.95215|3.36744,0.61337|0.67896|0.01082|0.68001|0.50128,21|6|4|5|3,6|3|4|4|3,73673.5,1,10,warm,candidate_ready
179,1780044767146155111,BTC,hl-66959ecb09e941cab61b020ac1e06419,1,257,1780044766866037615,1780044766549000000,280.117496,false,false,false,73673.0,73674.0,73673.0|73672.0|73671.0|73670.0|73669.0,73674.0|73675.0|73676.0|73677.0|73678.0,3.94589|1.50378|1.4521|0.95215|4.72622,0.61337|0.67896|0.01082|0.00068|0.50128,21|6|4|5|4,6|3|4|3|3,73673.5,1,10,warm,candidate_ready
180,1780044767646155111,BTC,hl-66959ecb09e941cab61b020ac1e06419,1,259,1780044767382114200,1780044767081000000,264.040911,false,false,false,73674.0,73675.0,73674.0|73673.0|73672.0|73671.0|73670.0,73675.0|73676.0|73677.0|73678.0|73679.0,7.4792|0.80601|1.48378|1.4521|2.58268,0.35846|0.418|0.00068|0.50142|0.6797,34|6|5|4|6,4|5|3|4|3,73674.5,1,10,warm,candidate_ready
181,1780044768146155111,BTC,hl-66959ecb09e941cab61b020ac1e06419,1,260,1780044767927248119,1780044767630000000,218.906992,false,false,false,73674.0,73675.0,73674.0|73673.0|73672.0|73671.0|73670.0,73675.0|73676.0|73677.0|73678.0|73679.0,7.91514|0.5045|3.11377|3.82977|0.95215,0.35415|0.00823|0.00082|0.00031|0.00038,37|5|5|5|5,3|3|4|2|2,73674.5,1,10,fresh,candidate_ready
182,1780044768646155111,BTC,hl-66959ecb09e941cab61b020ac1e06419,1,263,1780044768509642582,1780044768167000000,136.512529,false,false,false,73674.0,73675.0,73674.0|73673.0|73672.0|73671.0|73670.0,73675.0|73676.0|73677.0|73678.0|73679.0,7.95316|0.50464|3.11377|3.82977|0.95215,0.35432|0.00823|0.00341|0.00017|0.67969,38|6|5|5|5,4|3|5|1|3,73674.5,1,10,fresh,candidate_ready
183,1780044769146155111,BTC,hl-66959ecb09e941cab61b020ac1e06419,1,264,1780044769065431258,1780044768717000000,80.723853,false,false,false,73674.0,73675.0,73674.0|73673.0|73672.0|73671.0|73670.0,73675.0|73676.0|73677.0|73678.0|73679.0,7.95316|0.50464|1.48343|5.46029|0.95215,0.35432|0.00823|0.00341|0.00017|0.00038,38|6|5|6|5,4|3|5|1|2,73674.5,1,10,fresh,candidate_ready
184,1780044769646155111,BTC,hl-66959ecb09e941cab61b020ac1e06419,1,264,1780044769065431258,1780044768717000000,580.723853,false,false,false,73674.0,73675.0,73674.0|73673.0|73672.0|73671.0|73670.0,73675.0|73676.0|73677.0|73678.0|73679.0,7.95316|0.50464|1.48343|5.46029|0.95215,0.35432|0.00823|0.00341|0.00017|0.00038,38|6|5|6|5,4|3|5|1|2,73674.5,1,10,warm,candidate_ready
185,1780044770146155111,BTC,hl-66959ecb09e941cab61b020ac1e06419,1,266,1780044769864096836,1780044769253000000,282.058275,false,false,false,73674.0,73675.0,73674.0|73673.0|73672.0|73671.0|73670.0,73675.0|73676.0|73677.0|73678.0|73679.0,7.953|0.50464|3.11391|3.82979|0.95215,0.35432|0.01501|0.00341|0.00017|0.00038,38|6|6|5|5,4|4|5|1|2,73674.5,1,10,warm,candidate_ready
186,1780044770646155111,BTC,hl-66959ecb09e941cab61b020ac1e06419,1,267,1780044770335779920,1780044769798000000,310.375191,false,false,false,73674.0,73675.0,73674.0|73673.0|73672.0|73671.0|73670.0,73675.0|73676.0|73677.0|73678.0|73679.0,7.953|0.50464|1.48343|3.82979|1.97123,0.35432|0.00823|0.00341|0.00017|0.67969,38|6|5|5|6,4|3|5|1|3,73674.5,1,10,warm,candidate_ready
187,1780044771146155111,BTC,hl-66959ecb09e941cab61b020ac1e06419,1,269,1780044770687460602,1780044770361000000,458.694509,false,false,false,73674.0,73675.0,73674.0|73673.0|73672.0|73671.0|73670.0,73675.0|73676.0|73677.0|73678.0|73679.0,7.08853|2.1351|2.84216|2.47102|0.95215,2.14205|0.00823|0.00341|0.00017|0.00038,34|7|6|4|5,8|3|5|1|2,73674.5,1,10,warm,candidate_ready
188,1780044771646155111,BTC,hl-66959ecb09e941cab61b020ac1e06419,1,270,1780044771218972729,1780044770893000000,427.182382,false,false,false,73674.0,73675.0,73674.0|73673.0|73672.0|73671.0|73670.0,73675.0|73676.0|73677.0|73678.0|73679.0,7.08853|0.50464|4.13296|2.81071|0.95215,0.35432|0.01501|0.00341|0.00017|0.00038,34|6|7|4|5,4|4|5|1|2,73674.5,1,10,warm,candidate_ready
189,1780044772146155111,BTC,hl-66959ecb09e941cab61b020ac1e06419,1,272,1780044771675425097,1780044771423000000,470.730014,false,false,false,73674.0,73675.0,73674.0|73673.0|73672.0|73671.0|73670.0,73675.0|73676.0|73677.0|73678.0|73679.0,11.12381|0.50464|3.92917|2.47102|0.95215,0.19206|0.00031|0.00082|0.00017|0.00038,38|6|6|4|5,3|2|4|1|2,73674.5,1,10,warm,candidate_ready
190,1780044772646155111,BTC,hl-66959ecb09e941cab61b020ac1e06419,1,274,1780044772354278433,1780044771990000000,291.876678,false,false,false,73674.0,73675.0,73674.0|73673.0|73672.0|73671.0|73670.0,73675.0|73676.0|73677.0|73678.0|73679.0,17.88092|3.09581|4.40853|2.83642|1.20415,0.11206|0.00031|0.00989|0.00047|0.00038,51|6|5|4|9,2|2|5|2|2,73674.5,1,10,warm,candidate_ready
191,1780044773146155111,BTC,hl-66959ecb09e941cab61b020ac1e06419,1,276,1780044772892262713,1780044772541000000,253.892398,false,false,false,73674.0,73675.0,73674.0|73673.0|73672.0|73671.0|73670.0,73675.0|73676.0|73677.0|73678.0|73679.0,17.88015|3.18412|4.40853|2.83642|1.20415,0.11206|0.00031|0.00311|0.00061|0.00038,51|7|5|4|9,2|2|4|3|2,73674.5,1,10,warm,candidate_ready
192,1780044773646155111,BTC,hl-66959ecb09e941cab61b020ac1e06419,1,277,1780044773484632887,1780044773076000000,161.522224,false,false,false,73674.0,73675.0,73674.0|73673.0|73672.0|73671.0|73670.0,73675.0|73676.0|73677.0|73678.0|73679.0,15.70596|4.35775|5.3066|4.48515|1.20415,0.11206|0.00031|0.00052|0.00061|0.00038,48|9|6|5|9,2|2|3|3|2,73674.5,1,10,fresh,candidate_ready
193,1780044774146155111,BTC,hl-66959ecb09e941cab61b020ac1e06419,1,278,1780044773976420159,1780044773635000000,169.734952,false,false,false,73674.0,73675.0,73674.0|73673.0|73672.0|73671.0|73670.0,73675.0|73676.0|73677.0|73678.0|73679.0,16.72498|3.33871|5.3066|4.48515|1.20415,0.11206|0.00031|0.00311|0.00061|0.00038,49|8|6|5|9,2|2|4|3|2,73674.5,1,10,fresh,candidate_ready
194,1780044774646155111,BTC,hl-66959ecb09e941cab61b020ac1e06419,1,278,1780044773976420159,1780044773635000000,669.734952,false,false,false,73674.0,73675.0,73674.0|73673.0|73672.0|73671.0|73670.0,73675.0|73676.0|73677.0|73678.0|73679.0,16.72498|3.33871|5.3066|4.48515|1.20415,0.11206|0.00031|0.00311|0.00061|0.00038,49|8|6|5|9,2|2|4|3|2,73674.5,1,10,warm,candidate_ready
195,1780044775146155111,BTC,hl-66959ecb09e941cab61b020ac1e06419,1,278,1780044773976420159,1780044773635000000,1169.734952,false,false,false,73674.0,73675.0,73674.0|73673.0|73672.0|73671.0|73670.0,73675.0|73676.0|73677.0|73678.0|73679.0,16.72498|3.33871|5.3066|4.48515|1.20415,0.11206|0.00031|0.00311|0.00061|0.00038,49|8|6|5|9,2|2|4|3|2,73674.5,1,10,stale,watch_only
196,1780044775646155111,BTC,hl-66959ecb09e941cab61b020ac1e06419,1,283,1780044775642023578,1780044775300000000,4.131533,false,false,false,73674.0,73675.0,73674.0|73673.0|73672.0|73671.0|73670.0,73675.0|73676.0|73677.0|73678.0|73679.0,14.62078|3.33871|5.28914|4.48515|1.20415,0.11186|0.00709|0.00311|0.00061|0.00038,34|8|5|5|9,2|3|4|3|2,73674.5,1,10,fresh,candidate_ready
197,1780044776146155111,BTC,hl-66959ecb09e941cab61b020ac1e06419,1,284,1780044776091784158,1780044775822000000,54.370953,false,false,false,73674.0,73675.0,73674.0|73673.0|73672.0|73671.0|73670.0,73675.0|73676.0|73677.0|73678.0|73679.0,15.37078|3.2504|5.28914|4.48515|1.20415,0.11186|0.00017|0.00311|0.00061|0.00038,37|7|5|5|9,2|1|4|3|2,73674.5,1,10,fresh,candidate_ready
198,1780044776646155111,BTC,hl-66959ecb09e941cab61b020ac1e06419,1,284,1780044776091784158,1780044775822000000,554.370953,false,false,false,73674.0,73675.0,73674.0|73673.0|73672.0|73671.0|73670.0,73675.0|73676.0|73677.0|73678.0|73679.0,15.37078|3.2504|5.28914|4.48515|1.20415,0.11186|0.00017|0.00311|0.00061|0.00038,37|7|5|5|9,2|1|4|3|2,73674.5,1,10,warm,candidate_ready
199,1780044777146155111,BTC,hl-66959ecb09e941cab61b020ac1e06419,1,285,1780044776680488417,1780044776382000000,465.666694,false,false,false,73674.0,73675.0,73674.0|73673.0|73672.0|73671.0|73670.0,73675.0|73676.0|73677.0|73678.0|73679.0,10.04736|3.2504|8.75391|3.10069|1.20415,1.954|0.00017|0.00311|0.00061|0.03407,32|7|7|4|9,8|1|4|3|3,73674.5,1,10,warm,candidate_ready
200,1780044777646155111,BTC,hl-66959ecb09e941cab61b020ac1e06419,1,286,1780044777204913694,1780044776907000000,441.241417,false,false,false,73674.0,73675.0,73674.0|73673.0|73672.0|73671.0|73670.0,73675.0|73676.0|73677.0|73678.0|73679.0,10.04741|3.2504|7.66692|2.08122|4.66903,1.49462|0.00017|0.00311|0.00061|0.00038,32|7|7|3|11,4|1|4|3|2,73674.5,1,10,warm,candidate_ready
201,1780044778146155111,BTC,hl-66959ecb09e941cab61b020ac1e06419,1,288,1780044777695279599,1780044777408000000,450.875512,false,false,false,73674.0,73675.0,73674.0|73673.0|73672.0|73671.0|73670.0,73675.0|73676.0|73677.0|73678.0|73679.0,9.11655|4.26984|7.66692|2.08122|4.66903,1.49447|0.00017|0.00311|0.00061|0.00038,32|8|7|3|11,4|1|4|3|2,73674.5,1,10,warm,candidate_ready
202,1780044778646155111,BTC,hl-66959ecb09e941cab61b020ac1e06419,1,289,1780044778245515009,1780044777941000000,400.640102,false,false,false,73674.0,73675.0,73674.0|73673.0|73672.0|73671.0|73670.0,73675.0|73676.0|73677.0|73678.0|73679.0,10.13558|4.26984|7.66693|2.08122|3.64995,1.49447|0.00017|0.00311|0.00061|0.00038,33|8|7|3|10,4|1|4|3|2,73674.5,1,10,warm,candidate_ready
203,1780044779146155111,BTC,hl-66959ecb09e941cab61b020ac1e06419,1,290,1780044778789942066,1780044778479000000,356.213045,false,false,false,73674.0,73675.0,73674.0|73673.0|73672.0|73671.0|73670.0,73675.0|73676.0|73677.0|73678.0|73679.0,10.04741|4.26984|7.66693|2.08122|3.64995,1.49447|0.00695|0.00311|0.00061|0.00038,32|8|7|3|10,4|2|4|3|2,73674.5,1,10,warm,candidate_ready
204,1780044779646155111,BTC,hl-66959ecb09e941cab61b020ac1e06419,1,291,1780044779410079404,1780044779017000000,236.075707,false,false,false,73674.0,73675.0,73674.0|73673.0|73672.0|73671.0|73670.0,73675.0|73676.0|73677.0|73678.0|73679.0,9.02838|5.37957|6.64787|3.10028|3.64995,1.49447|0.00031|0.00311|0.00061|0.00038,31|10|6|4|10,4|2|4|3|2,73674.5,1,10,fresh,candidate_ready
205,1780044780146155111,BTC,hl-66959ecb09e941cab61b020ac1e06419,1,291,1780044779410079404,1780044779017000000,736.075707,false,false,false,73674.0,73675.0,73674.0|73673.0|73672.0|73671.0|73670.0,73675.0|73676.0|73677.0|73678.0|73679.0,9.02838|5.37957|6.64787|3.10028|3.64995,1.49447|0.00031|0.00311|0.00061|0.00038,31|10|6|4|10,4|2|4|3|2,73674.5,1,10,warm,candidate_ready
206,1780044780646155111,BTC,hl-66959ecb09e941cab61b020ac1e06419,1,293,1780044780469832753,1780044780081000000,176.322358,false,false,false,73674.0,73675.0,73674.0|73673.0|73672.0|73671.0|73670.0,73675.0|73676.0|73677.0|73678.0|73679.0,7.66967|5.71924|7.66692|2.08122|4.66903,0.11171|0.00017|0.00311|0.00061|0.00038,30|10|7|3|11,2|1|4|3|2,73674.5,1,10,fresh,candidate_ready
207,1780044781146155111,BTC,hl-66959ecb09e941cab61b020ac1e06419,1,293,1780044780469832753,1780044780081000000,676.322358,false,false,false,73674.0,73675.0,73674.0|73673.0|73672.0|73671.0|73670.0,73675.0|73676.0|73677.0|73678.0|73679.0,7.66967|5.71924|7.66692|2.08122|4.66903,0.11171|0.00017|0.00311|0.00061|0.00038,30|10|7|3|11,2|1|4|3|2,73674.5,1,10,warm,candidate_ready
208,1780044781646155111,BTC,hl-66959ecb09e941cab61b020ac1e06419,1,297,1780044781495080707,1780044781150000000,151.074404,false,false,false,73674.0,73675.0,73674.0|73673.0|73672.0|73671.0|73670.0,73675.0|73676.0|73677.0|73678.0|73679.0,15.09068|4.36053|5.28914|4.26568|0.86015,0.03019|0.00031|0.00311|0.00061|0.00038,37|9|5|5|8,2|2|4|3|2,73674.5,1,10,fresh,candidate_ready
209,1780044782146155111,BTC,hl-66959ecb09e941cab61b020ac1e06419,1,298,1780044782007590638,1780044781707000000,138.564473,false,false,false,73674.0,73675.0,73674.0|73673.0|73672.0|73671.0|73670.0,73675.0|73676.0|73677.0|73678.0|73679.0,15.09068|4.36053|5.28914|4.26568|0.86015,0.03019|0.00031|0.00311|0.00061|0.00038,37|9|5|5|8,2|2|4|3|2,73674.5,1,10,fresh,candidate_ready
210,1780044782646155111,BTC,hl-66959ecb09e941cab61b020ac1e06419,1,300,1780044782608414475,1780044782253000000,37.740636,false,false,false,73674.0,73675.0,73674.0|73673.0|73672.0|73671.0|73670.0,73675.0|73676.0|73677.0|73678.0|73679.0,12.64195|4.36053|7.73486|4.26568|0.86015,0.03019|0.00031|0.00311|0.00061|0.00038,36|9|6|5|8,2|2|4|3|2,73674.5,1,10,fresh,candidate_ready
211,1780044783146155111,BTC,hl-66959ecb09e941cab61b020ac1e06419,1,301,1780044783145886855,1780044782804000000,0.268256,false,false,false,73674.0,73675.0,73674.0|73673.0|73672.0|73671.0|73670.0,73675.0|73676.0|73677.0|73678.0|73679.0,13.66345|4.36053|8.75391|4.26568|0.86015,0.03019|0.00031|0.00311|0.00061|0.00038,36|9|7|5|8,2|2|4|3|2,73674.5,1,10,fresh,candidate_ready
212,1780044783646155111,BTC,hl-66959ecb09e941cab61b020ac1e06419,1,301,1780044783145886855,1780044782804000000,500.268256,false,false,false,73674.0,73675.0,73674.0|73673.0|73672.0|73671.0|73670.0,73675.0|73676.0|73677.0|73678.0|73679.0,13.66345|4.36053|8.75391|4.26568|0.86015,0.03019|0.00031|0.00311|0.00061|0.00038,36|9|7|5|8,2|2|4|3|2,73674.5,1,10,warm,candidate_ready
213,1780044784146155111,BTC,hl-66959ecb09e941cab61b020ac1e06419,1,302,1780044783664389126,1780044783353000000,481.765985,false,false,false,73674.0,73675.0,73674.0|73673.0|73672.0|73671.0|73670.0,73675.0|73676.0|73677.0|73678.0|73679.0,12.08473|4.36053|9.09359|4.48474|0.86015,0.03019|0.00031|0.00311|0.00061|0.00038,33|9|7|5|8,2|2|4|3|2,73674.5,1,10,warm,candidate_ready
214,1780044784646155111,BTC,hl-66959ecb09e941cab61b020ac1e06419,1,303,1780044784203316490,1780044783888000000,442.838621,false,false,false,73674.0,73675.0,73674.0|73673.0|73672.0|73671.0|73670.0,73675.0|73676.0|73677.0|73678.0|73679.0,4.99679|5.99098|2.85205|2.08122|5.68378,1.79217|0.00017|0.00311|0.00061|0.03407,27|10|5|3|11,8|1|4|3|3,73674.5,1,10,warm,candidate_ready
215,1780044785146155111,BTC,hl-66959ecb09e941cab61b020ac1e06419,1,303,1780044784203316490,1780044783888000000,942.838621,false,false,false,73674.0,73675.0,73674.0|73673.0|73672.0|73671.0|73670.0,73675.0|73676.0|73677.0|73678.0|73679.0,4.99679|5.99098|2.85205|2.08122|5.68378,1.79217|0.00017|0.00311|0.00061|0.03407,27|10|5|3|11,8|1|4|3|3,73674.5,1,10,warm,candidate_ready
216,1780044785646155111,BTC,hl-66959ecb09e941cab61b020ac1e06419,1,307,1780044785508444258,1780044784982000000,137.710853,false,false,false,73674.0,73675.0,73674.0|73673.0|73672.0|73671.0|73670.0,73675.0|73676.0|73677.0|73678.0|73679.0,3.60064|5.03335|2.85205|2.08122|2.21892,1.33727|0.00031|0.00311|0.00061|0.00038,22|10|5|3|9,4|2|4|3|2,73674.5,1,10,fresh,candidate_ready
217,1780044786146155111,BTC,hl-66959ecb09e941cab61b020ac1e06419,1,309,1780044785843569254,1780044785496000000,302.585857,false,false,false,73674.0,73675.0,73674.0|73673.0|73672.0|73671.0|73670.0,73675.0|73676.0|73677.0|73678.0|73679.0,4.59058|5.03335|1.49332|3.10028|2.21893,1.33589|0.00695|0.00311|0.00061|0.00038,25|10|4|4|9,4|2|4|3|2,73674.5,1,10,warm,candidate_ready
218,1780044786646155111,BTC,hl-66959ecb09e941cab61b020ac1e06419,1,310,1780044786392807452,1780044786028000000,253.347659,false,false,false,73674.0,73675.0,73674.0|73673.0|73672.0|73671.0|73670.0,73675.0|73676.0|73677.0|73678.0|73679.0,4.59058|3.4029|4.48253|2.08122|1.87923,1.33589|0.00031|0.00311|0.00061|0.13115,25|9|6|3|9,4|2|4|3|4,73674.5,1,10,warm,candidate_ready
219,1780044787146155111,BTC,hl-66959ecb09e941cab61b020ac1e06419,1,311,1780044786912465326,1780044786585000000,233.689785,false,false,false,73674.0,73675.0,73674.0|73673.0|73672.0|73671.0|73670.0,73675.0|73676.0|73677.0|73678.0|73679.0,4.59058|3.4029|4.48253|2.08122|1.87923,1.33589|0.00017|0.00311|0.00061|0.03407,25|9|6|3|9,4|1|4|3|3,73674.5,1,10,fresh,candidate_ready
220,1780044787646155111,BTC,hl-66959ecb09e941cab61b020ac1e06419,1,312,1780044787426101627,1780044787120000000,220.053484,false,false,false,73674.0,73675.0,73674.0|73673.0|73672.0|73671.0|73670.0,73675.0|73676.0|73677.0|73678.0|73679.0,6.22102|5.68238|2.71157|3.43998|1.87923,1.33589|0.00709|0.00311|0.00061|0.00038,26|11|6|4|9,4|3|4|3|2,73674.5,1,10,fresh,candidate_ready
221,1780044788146155111,BTC,hl-66959ecb09e941cab61b020ac1e06419,1,313,1780044787956944679,1780044787656000000,189.210432,false,false,false,73674.0,73675.0,73674.0|73673.0|73672.0|73671.0|73670.0,73675.0|73676.0|73677.0|73678.0|73679.0,7.57974|4.32366|2.71157|3.43998|0.86015,1.33589|0.00031|0.00311|0.00061|0.00038,27|10|6|4|8,4|2|4|3|2,73674.5,1,10,fresh,candidate_ready
222,1780044788646155111,BTC,hl-66959ecb09e941cab61b020ac1e06419,1,315,1780044788534977768,1780044788192000000,111.177343,false,false,false,73674.0,73675.0,73674.0|73673.0|73672.0|73671.0|73670.0,73675.0|73676.0|73677.0|73678.0|73679.0,6.22086|4.32366|3.05124|2.08122|0.86015,1.33589|0.40735|0.00311|0.00061|0.03407,26|10|6|3|8,4|2|4|3|3,73674.5,1,10,fresh,candidate_ready
223,1780044789146155111,BTC,hl-66959ecb09e941cab61b020ac1e06419,1,317,1780044789052899834,1780044788732000000,93.255277,false,false,false,73674.0,73675.0,73674.0|73673.0|73672.0|73671.0|73670.0,73675.0|73676.0|73677.0|73678.0|73679.0,4.43865|4.32383|2.85224|3.7119|0.80032,1.64523|0.40749|0.00311|0.13575|0.67969,23|11|6|5|8,7|3|4|4|3,73674.5,1,10,fresh,candidate_ready
224,1780044789646155111,BTC,hl-66959ecb09e941cab61b020ac1e06419,1,317,1780044789052899834,1780044788732000000,593.255277,false,false,false,73674.0,73675.0,73674.0|73673.0|73672.0|73671.0|73670.0,73675.0|73676.0|73677.0|73678.0|73679.0,4.43865|4.32383|2.85224|3.7119|0.80032,1.64523|0.40749|0.00311|0.13575|0.67969,23|11|6|5|8,7|3|4|4|3,73674.5,1,10,warm,candidate_ready
225,1780044790146155111,BTC,hl-66959ecb09e941cab61b020ac1e06419,1,317,1780044789052899834,1780044788732000000,1093.255277,false,false,false,73674.0,73675.0,73674.0|73673.0|73672.0|73671.0|73670.0,73675.0|73676.0|73677.0|73678.0|73679.0,4.43865|4.32383|2.85224|3.7119|0.80032,1.64523|0.40749|0.00311|0.13575|0.67969,23|11|6|5|8,7|3|4|4|3,73674.5,1,10,stale,watch_only
226,1780044790646155111,BTC,hl-66959ecb09e941cab61b020ac1e06419,1,319,1780044790416909282,1780044789836000000,229.245829,false,false,false,73674.0,73675.0,73674.0|73673.0|73672.0|73671.0|73670.0,73675.0|73676.0|73677.0|73678.0|73679.0,3.26789|3.15779|1.49349|2.08139|2.33184,2.51598|0.00017|0.00311|0.13143|0.00038,19|8|5|4|8,14|1|4|5|2,73674.5,1,10,fresh,candidate_ready
227,1780044791146155111,BTC,hl-66959ecb09e941cab61b020ac1e06419,1,321,1780044790766655337,1780044790403000000,379.499774,false,false,false,73674.0,73675.0,73674.0|73673.0|73672.0|73671.0|73670.0,73675.0|73676.0|73677.0|73678.0|73679.0,4.50265|2.81934|1.49349|2.08139|2.24184,3.10935|0.00695|0.68244|0.00061|0.00038,28|9|5|4|7,16|2|5|3|2,73674.5,1,10,warm,candidate_ready
228,1780044791646155111,BTC,hl-66959ecb09e941cab61b020ac1e06419,1,322,1780044791292407319,1780044790941000000,353.747792,false,false,false,73674.0,73675.0,73674.0|73673.0|73672.0|73671.0|73670.0,73675.0|73676.0|73677.0|73678.0|73679.0,3.94604|2.81934|1.49349|2.08139|2.24184,3.10935|0.46047|0.00311|0.00061|0.67971,23|9|5|4|7,16|4|4|3|3,73674.5,1,10,warm,candidate_ready
229,1780044792146155111,BTC,hl-66959ecb09e941cab61b020ac1e06419,1,324,1780044791793626902,1780044791480000000,352.528209,false,false,false,73674.0,73675.0,73674.0|73673.0|73672.0|73671.0|73670.0,73675.0|73676.0|73677.0|73678.0|73679.0,3.65367|2.81934|1.49349|2.08139|0.61132,3.10935|0.46725|0.00311|0.00061|0.67971,21|9|5|4|6,16|5|4|3|3,73674.5,1,10,warm,candidate_ready
230,1780044792646155111,BTC,hl-66959ecb09e941cab61b020ac1e06419,1,326,1780044792425495260,1780044792012000000,220.659851,false,false,false,73674.0,73675.0,73674.0|73673.0|73672.0|73671.0|73670.0,73675.0|73676.0|73677.0|73678.0|73679.0,1.80738|2.81934|1.49349|2.08139|0.61132,3.09579|0.46047|0.00311|0.00061|0.67971,20|9|5|4|6,15|4|4|3|3,73674.5,1,10,fresh,candidate_ready
231,1780044793146155111,BTC,hl-66959ecb09e941cab61b020ac1e06419,1,328,1780044792946066722,1780044792580000000,200.088389,false,false,false,73674.0,73675.0,73674.0|73673.0|73672.0|73671.0|73670.0,73675.0|73676.0|73677.0|73678.0|73679.0,0.02958|0.00094|0.00017|0.04507|0.22736,12.62798|1.2396|3.73732|1.44257|4.56117,3|4|1|2|4,46|8|9|5|6,73674.5,1,10,fresh,candidate_ready
232,1780044793646155111,BTC,hl-66959ecb09e941cab61b020ac1e06419,1,329,1780044793466407472,1780044793118000000,179.747639,false,false,false,73674.0,73675.0,73674.0|73673.0|73672.0|73671.0|73670.0,73675.0|73676.0|73677.0|73678.0|73679.0,0.02958|0.00094|0.00017|0.04507|0.22736,13.098|1.77744|3.12591|3.07295|2.19379,3|4|1|2|4,47|7|9|6|5,73674.5,1,10,fresh,candidate_ready
233,1780044794146155111,BTC,hl-66959ecb09e941cab61b020ac1e06419,1,330,1780044793992355212,1780044793633000000,153.799899,false,false,false,73674.0,73675.0,73674.0|73673.0|73672.0|73671.0|73670.0,73675.0|73676.0|73677.0|73678.0|73679.0,0.02958|0.00094|0.00017|0.04507|0.22736,13.05861|1.61455|3.12591|3.08312|2.44159,3|4|1|2|4,46|7|9|7|7,73674.5,1,10,fresh,candidate_ready
234,1780044794646155111,BTC,hl-66959ecb09e941cab61b020ac1e06419,1,331,1780044794598180906,1780044794189000000,47.974205,false,false,false,73674.0,73675.0,73674.0|73673.0|73672.0|73671.0|73670.0,73675.0|73676.0|73677.0|73678.0|73679.0,0.02958|0.00094|0.00017|0.04507|0.22736,12.42588|1.61455|4.14491|3.08312|2.44159,3|4|1|2|4,46|7|10|7|7,73674.5,1,10,fresh,candidate_ready
235,1780044795146155111,BTC,hl-66959ecb09e941cab61b020ac1e06419,1,331,1780044794598180906,1780044794189000000,547.974205,false,false,false,73674.0,73675.0,73674.0|73673.0|73672.0|73671.0|73670.0,73675.0|73676.0|73677.0|73678.0|73679.0,0.02958|0.00094|0.00017|0.04507|0.22736,12.42588|1.61455|4.14491|3.08312|2.44159,3|4|1|2|4,46|7|10|7|7,73674.5,1,10,warm,candidate_ready
236,1780044795646155111,BTC,hl-66959ecb09e941cab61b020ac1e06419,1,333,1780044795603125317,1780044795252000000,43.029794,false,false,false,73674.0,73675.0,73674.0|73673.0|73672.0|73671.0|73670.0,73675.0|73676.0|73677.0|73678.0|73679.0,0.02958|0.00094|0.00017|0.04507|0.22736,13.34032|1.61455|3.12591|3.08312|2.44159,3|4|1|2|4,46|7|9|7|7,73674.5,1,10,fresh,candidate_ready
237,1780044796146155111,BTC,hl-66959ecb09e941cab61b020ac1e06419,1,333,1780044795603125317,1780044795252000000,543.029794,false,false,false,73674.0,73675.0,73674.0|73673.0|73672.0|73671.0|73670.0,73675.0|73676.0|73677.0|73678.0|73679.0,0.02958|0.00094|0.00017|0.04507|0.22736,13.34032|1.61455|3.12591|3.08312|2.44159,3|4|1|2|4,46|7|9|7|7,73674.5,1,10,warm,candidate_ready
238,1780044796646155111,BTC,hl-66959ecb09e941cab61b020ac1e06419,1,334,1780044796163319216,1780044795804000000,482.835895,false,false,false,73674.0,73675.0,73674.0|73673.0|73672.0|73671.0|73670.0,73675.0|73676.0|73677.0|73678.0|73679.0,0.02958|0.00094|0.00017|0.04507|0.22736,12.3213|1.61455|4.14491|3.08312|2.44159,3|4|1|2|4,45|7|10|7|7,73674.5,1,10,warm,candidate_ready
